,id,Barbecue,Cuban,Fall,Game Day,Kid-Friendly,Main Dishes,Mexican,Southwestern,Summer
0,Slow-Cooker-3-Ingredient-Mexican-Chicken-986283,0.0,0.0,0.0,0.0,0.0,1,1,0.0,0.0
1,Grilled-Chicken-Tostadas-1166771,1.0,0.0,0.0,0.0,1.0,1,1,0.0,0.0
2,Black-Bean-and-Corn-Enchiladas-1680131,0.0,0.0,0.0,0.0,0.0,1,1,1.0,0.0
3,Taco-Bake-Ii-Allrecipes,0.0,0.0,0.0,0.0,1.0,1,1,0.0,0.0
4,Fiesta-Chicken-Bake--Trim-Healthy-Mama-Compliant-1212506,0.0,0.0,0.0,0.0,0.0,1,1,0.0,0.0
5,Fajita-Chicken-Kebabs-1113682,1.0,0.0,0.0,0.0,0.0,1,1,1.0,0.0
6,Mexican-chicken-and-rice-345543,0.0,0.0,0.0,0.0,0.0,1,1,0.0,0.0
7,Cream-Cheese-Chicken-Enchiladas-1101262,0.0,0.0,0.0,0.0,0.0,1,1,0.0,0.0
8,Creamy-Cheesy-Chicken-Enchiladas-1232434,0.0,0.0,0.0,0.0,1.0,1,1,0.0,0.0
9,Mexican-Slow-Cooker-Pulled-Chicken-1185568,0.0,0.0,0.0,0.0,0.0,1,1,0.0,0.0
10,Slow-Cooker-Enchilada-Orzo-901162,0.0,0.0,0.0,0.0,0.0,1,1,0.0,0.0
11,Skillet-Nachos-with-Spicy-Salsa-Verde-Chicken-600305,0.0,0.0,0.0,0.0,0.0,1,1,1.0,0.0
12,Healthy-chicken-chili-with-barley-314443,0.0,0.0,0.0,0.0,0.0,1,1,0.0,0.0
13,Carnitas-1252805,0.0,0.0,0.0,0.0,0.0,1,1,0.0,0.0
14,Saddle-Up-Chicken-Enchiladas-471305,0.0,0.0,0.0,0.0,1.0,1,1,0.0,0.0
15,Cinco-De-Mayo--Sweet-Pork-1003722,0.0,0.0,0.0,0.0,0.0,1,1,0.0,0.0
16,Chipotle-Sofritas-Tacos-1637041,0.0,0.0,0.0,0.0,0.0,1,1,0.0,0.0
17,Slow-cooker-cherry-Coke-beef-carnitas-969859,0.0,0.0,0.0,0.0,0.0,1,1,0.0,0.0
18,VELVEETA-Beef-Enchilada-Bake-1080709,0.0,0.0,0.0,0.0,1.0,1,1,0.0,0.0
19,Mexican-Style-Picadillo-1663402,0.0,0.0,0.0,0.0,0.0,1,1,0.0,0.0
20,Chicken-Carnitas-AKA-Carnitas-de-Pollo-762557,0.0,0.0,0.0,0.0,0.0,1,1,0.0,0.0
21,Garlic-Ancho-Mushroom-Tacos-with-Corn-and-Avocado-Salsa-1702457,0.0,0.0,0.0,0.0,0.0,1,1,0.0,0.0
22,Carnitas-Rice-Bowls-1624172,0.0,0.0,0.0,0.0,0.0,1,1,1.0,0.0
23,Chicken-Tacos-1123743,0.0,0.0,0.0,0.0,0.0,1,1,0.0,0.0
24,Chicken-enchilada-stuffed-zucchini-351516,0.0,0.0,0.0,0.0,0.0,1,1,1.0,0.0
25,Chicken-Enchilada-Casserole-1302333,0.0,0.0,0.0,0.0,0.0,1,1,0.0,0.0
26,Skillet-Chicken-Fajitas-1080123,0.0,0.0,0.0,0.0,0.0,1,1,0.0,0.0
27,Ropa-vieja-300079,0.0,1.0,0.0,0.0,0.0,1,1,0.0,0.0
28,Mexican-lasagna-303744,0.0,0.0,0.0,0.0,1.0,1,1,0.0,0.0
29,Chicken-Enchiladas-1333417,0.0,0.0,0.0,0.0,0.0,1,1,1.0,0.0
30,Creamy-Shrimp-Enchiladas-1625947,0.0,0.0,0.0,0.0,0.0,1,1,1.0,0.0
31,Mexican-Pizza-1095507,0.0,0.0,0.0,0.0,0.0,1,1,0.0,0.0
32,Restaurant-Style-Mexican-Shredded-Chicken-1008937,0.0,0.0,0.0,0.0,0.0,1,1,0.0,0.0
33,White-Chicken-Enchilada-Skillet-1680268,0.0,0.0,0.0,0.0,0.0,1,1,1.0,0.0
34,Shrimp-Fajitas-1589940,0.0,0.0,0.0,0.0,0.0,1,1,0.0,0.0
35,Easy-Skillet-Chicken-Chilaquiles-1618397,0.0,0.0,0.0,0.0,0.0,1,1,0.0,0.0
36,Mexican-Chicken-Tater-Tot-Casserole-1114007,0.0,0.0,0.0,0.0,0.0,1,1,0.0,0.0
37,Skinny-Taco-Cups-1212257,0.0,0.0,0.0,0.0,0.0,1,1,1.0,0.0
38,Hearty-Lean-Chili-461500,0.0,0.0,0.0,0.0,0.0,1,1,0.0,0.0
39,Tequila-Lime-Mahimahi-Tacos-1706136,1.0,0.0,0.0,0.0,0.0,1,1,0.0,0.0
40,Street-Tacos-1343981,0.0,0.0,0.0,0.0,0.0,1,1,0.0,0.0
41,Ancho-Chile-Chicken-with-Black-Beans-1688306,0.0,0.0,0.0,0.0,0.0,1,1,1.0,0.0
42,Weeknight-Chicken-Enchiladas-1060161,0.0,0.0,0.0,0.0,0.0,1,1,0.0,0.0
43,Grilled-Fish-a-la-Talla-with-Red-Chile-Adobo-1693262,1.0,0.0,0.0,0.0,0.0,1,1,0.0,1.0
44,Crockpot-Mexican-shredded-chicken-916369,0.0,0.0,0.0,0.0,0.0,1,1,0.0,0.0
45,Homesick-texan-carnitas-305384,0.0,0.0,0.0,0.0,0.0,1,1,0.0,0.0
46,Fish-Tacos-623956,0.0,0.0,0.0,0.0,0.0,1,1,0.0,0.0
47,Carne-asada-357631,1.0,0.0,0.0,0.0,0.0,1,1,0.0,0.0
48,Margarita-Shrimp-Tostatas-1099254,0.0,0.0,0.0,0.0,0.0,1,1,0.0,0.0
49,Vegetarian-Tacos-with-Spicy-Crema-999693,0.0,0.0,0.0,0.0,0.0,1,1,0.0,0.0
50,Chili-mac-casserole-298157,0.0,0.0,0.0,0.0,0.0,1,1,1.0,0.0
51,Mexican-Chicken-Skillet-Dinner-1222019,0.0,0.0,0.0,0.0,0.0,1,1,0.0,0.0
52,Spiced-Black-Bean_-Grilled-Avocado_-and-Goat-Cheese-Tacos-Naturally-Ella-290505,0.0,0.0,0.0,0.0,0.0,1,1,0.0,0.0
53,Mexican-Hash-Brown-Casserole_-1619393,0.0,0.0,0.0,0.0,0.0,1,1,0.0,0.0
54,Guacamole-chicken-enchiladas-351327,0.0,0.0,0.0,0.0,0.0,1,1,1.0,0.0
55,Creamy-Chicken-Enchiladas-638825,0.0,0.0,0.0,0.0,1.0,1,1,0.0,0.0
56,Mexican-Lasagna-Recipe-_Freezer-Cooking__-629532,0.0,0.0,0.0,0.0,0.0,1,1,0.0,0.0
57,Skinny-Mexican-Skillet-Lasagna-1628875,0.0,0.0,0.0,0.0,0.0,1,1,0.0,0.0
58,Slow-Cooker-Creamy-Chicken-and-Green-Chile-Tacos-1149408,0.0,0.0,0.0,0.0,1.0,1,1,1.0,0.0
59,Mexican-Skillet-Pasta-1090575,0.0,0.0,0.0,0.0,0.0,1,1,0.0,0.0
60,Avocado-Lime-Chicken-Enchiladas-1617116,0.0,0.0,0.0,0.0,0.0,1,1,1.0,0.0
61,10-Minute-Gluten-Free-Enchiladas-1028789,0.0,0.0,0.0,0.0,0.0,1,1,0.0,0.0
62,25-Minute-Spicy-Mexican-Corn-Skillet-with-Sausage-1237106,0.0,0.0,0.0,0.0,0.0,1,1,0.0,0.0
63,Chili-Con-Carne-Simply-Recipes-42597,0.0,0.0,0.0,0.0,0.0,1,1,0.0,0.0
64,Chiliquilla-Allrecipes,0.0,0.0,0.0,0.0,1.0,1,1,0.0,0.0
65,Crispy-Bean-_-Cheese-Burritos-749038,0.0,0.0,0.0,0.0,0.0,1,1,1.0,0.0
66,Skinny-Mexican-Meatloaf-1102087,0.0,0.0,0.0,0.0,0.0,1,1,0.0,0.0
67,5-Ingredient-Baked-Fajita-Chicken-1166338,0.0,0.0,0.0,0.0,0.0,1,1,0.0,0.0
68,Creamy-Mexican-Slow-Cooker-Chicken-Low-Carb_-Gluten-Free-683245,0.0,0.0,0.0,0.0,0.0,1,1,0.0,0.0
69,Mexican-Chicken-Casserole-471246,0.0,0.0,0.0,0.0,1.0,1,1,0.0,0.0
70,Cheesy-Chicken-Enchiladas-1596097,0.0,0.0,0.0,0.0,0.0,1,1,1.0,0.0
71,Creamy-Chicken-Enchiladas-607907,0.0,0.0,0.0,0.0,0.0,1,1,0.0,0.0
72,Mexican-Dorito-Casserole-1588314,0.0,0.0,0.0,0.0,0.0,1,1,0.0,0.0
73,Carnitas-1631787,0.0,0.0,0.0,0.0,0.0,1,1,0.0,0.0
74,Mexican-shredded-beef-350823,0.0,0.0,0.0,0.0,0.0,1,1,0.0,0.0
75,Slow-Cooker-Pork-Carnitas-Tacos-1611195,0.0,0.0,0.0,0.0,0.0,1,1,1.0,0.0
76,Honey-Lime-Chicken-Enchiladas-1627051,0.0,0.0,0.0,0.0,0.0,1,1,0.0,0.0
77,Cheesy-Enchilada-Casserole-1516805,0.0,0.0,0.0,0.0,0.0,1,1,1.0,0.0
78,Easy-Guajillo-Pork-Stew-_-Asado-de-Puerco-Sencillo-1066760,0.0,0.0,0.0,0.0,0.0,1,1,0.0,0.0
79,Cheesy-Chicken-Enchilada-Casserole-1527354,0.0,0.0,0.0,0.0,0.0,1,1,1.0,0.0
80,Traditional-Pork-Tamale-1602952,0.0,0.0,0.0,0.0,0.0,1,1,0.0,0.0
81,Lighter-Chicken-Enchiladas-Martha-Stewart,0.0,0.0,0.0,0.0,0.0,1,1,0.0,0.0
82,5-Ingredient-Mexican-Shredded-Beef-and-Beef-Tostadas-1316495,0.0,0.0,0.0,0.0,0.0,1,1,0.0,0.0
83,Cheesy-Enchilada-Casserole-1613099,0.0,0.0,0.0,0.0,0.0,1,1,0.0,0.0
84,Grilled-Tequila-Lime-Chicken-Once-Upon-A-Chef-200041,1.0,0.0,0.0,0.0,0.0,1,1,0.0,0.0
85,Verde-Chicken-Enchiladas-1586101,0.0,0.0,0.0,0.0,1.0,1,1,0.0,0.0
86,Easy-cheese-enchiladas-368957,0.0,0.0,0.0,0.0,0.0,1,1,1.0,0.0
87,Enchilada-Casserole-1104391,0.0,0.0,0.0,0.0,0.0,1,1,0.0,0.0
88,Chicken-Fajita-Tequila-Burger-1683006,0.0,0.0,0.0,0.0,0.0,1,1,0.0,0.0
89,Chicken-Chimichangas-496308,0.0,0.0,0.0,0.0,0.0,1,1,1.0,0.0
90,Skinny-Mexican-Casserole-968659,0.0,0.0,0.0,0.0,0.0,1,1,1.0,0.0
91,Enchilada-Stuffed-Pepper-Casserole-1682347,0.0,0.0,0.0,0.0,0.0,1,1,1.0,0.0
92,Mexican-Skillet-Dinner-1015794,0.0,0.0,0.0,0.0,0.0,1,1,0.0,0.0
93,Paleo-Chorizo-and-Potato-Tacos-1612444,0.0,0.0,0.0,0.0,0.0,1,1,0.0,0.0
94,Creamy-Chicken-Enchiladas-1064459,0.0,0.0,0.0,0.0,0.0,1,1,1.0,0.0
95,Green-chile-hominy-casserole-with-chorizo-306863,0.0,0.0,0.0,0.0,0.0,1,1,0.0,0.0
96,Mexican-Beef-_-Rice-Casserole-1535307,0.0,0.0,0.0,0.0,0.0,1,1,0.0,0.0
97,Easy-Healthy-Chicken-Enchilada-Bake-1063048,0.0,0.0,0.0,0.0,0.0,1,1,0.0,0.0
98,Slow-Cooker-Pollo-Tacos-al-Pastor-1241050,0.0,0.0,0.0,0.0,0.0,1,1,0.0,0.0
99,Mexican-Street-Corn-Flatbread-Pizza-1680512,0.0,0.0,0.0,0.0,0.0,1,1,0.0,0.0
100,Mexican-Beef-and-Corn-Skillet-Peppers-975323,0.0,0.0,0.0,0.0,0.0,1,1,0.0,0.0
101,Easy-Enchilada-Casserole-931944,0.0,0.0,0.0,0.0,0.0,1,1,0.0,0.0
102,Chorizo-Mac-and-Cheese-Simply-Recipes-290501,0.0,0.0,0.0,0.0,0.0,1,1,0.0,0.0
103,Salsa-Verde-Chicken-Enchiladas-1617383,0.0,0.0,0.0,0.0,0.0,1,1,1.0,0.0
104,How-to-Make-Swiss-Green-Enchiladas-_-Como-Hacer-Enchiladas-Verdes-Suizas-1639456,0.0,0.0,0.0,0.0,0.0,1,1,0.0,0.0
105,Easy-Mexican-Chicken-and-Beans-1290833,0.0,0.0,0.0,0.0,1.0,1,1,0.0,0.0
106,Margarita-Chicken-1597996,1.0,0.0,0.0,0.0,0.0,1,1,0.0,0.0
107,Barbacoa-beef-352358,0.0,0.0,0.0,0.0,0.0,1,1,0.0,0.0
108,Shrimp-and-Mango-Tacos-1582622,0.0,0.0,0.0,0.0,0.0,1,1,0.0,0.0
109,Black-Bean-Stuffed-Peppers-1032721,0.0,0.0,0.0,0.0,0.0,1,1,1.0,0.0
110,Mexican-Fiesta-Steak-1220811,0.0,0.0,0.0,0.0,0.0,1,1,0.0,0.0
111,Stuffed-Poblano-Peppers-544543,0.0,0.0,0.0,0.0,0.0,1,1,0.0,0.0
112,Zesty-Mexican-Chicken-Stew-with-Sweet-Hominy-1591200,0.0,0.0,0.0,0.0,0.0,1,1,1.0,0.0
113,Skillet-Beef-and-Taco-Casserole-1682053,0.0,0.0,0.0,0.0,0.0,1,1,0.0,0.0
114,The-Whole-Enchilada-1123650,0.0,0.0,0.0,0.0,0.0,1,1,0.0,0.0
115,Beef-Taco-Skillet-MyRecipes-241617,0.0,0.0,0.0,0.0,1.0,1,1,0.0,0.0
116,Rice-_-Bean-Enchiladas-1619662,0.0,0.0,0.0,0.0,0.0,1,1,1.0,0.0
117,Mexican-Flatbread-Pizza-600079,0.0,0.0,0.0,0.0,0.0,1,1,0.0,0.0
118,Chicken-Chilaquiles-Food-And-Wine_1,0.0,0.0,0.0,0.0,0.0,1,1,1.0,0.0
119,Quick-skillet-chilaquiles-303904,0.0,0.0,0.0,0.0,0.0,1,1,0.0,0.0
120,Cheesy-Green-Chile-Pork-Enchiladas-995618,0.0,0.0,0.0,0.0,0.0,1,1,0.0,0.0
121,Tequila-Lime-Shrimp-1080969,0.0,0.0,0.0,0.0,0.0,1,1,0.0,0.0
122,Pork-Carnitas-590301,0.0,0.0,0.0,0.0,0.0,1,1,0.0,0.0
123,Skinny-Chicken-Enchiladas-499640,0.0,0.0,0.0,0.0,0.0,1,1,1.0,0.0
124,Taco-style-grilled-pork-chops-334807,1.0,0.0,0.0,0.0,1.0,1,1,0.0,0.0
125,Carne-Asada-Simply-Recipes-43134,1.0,0.0,0.0,0.0,0.0,1,1,0.0,0.0
126,Chicken-Enchiladas-Verdes-Simply-Recipes-42782,0.0,0.0,0.0,0.0,0.0,1,1,0.0,0.0
127,Chicken-and-Corn-Stuffed-Chiles-1316083,0.0,0.0,0.0,0.0,0.0,1,1,1.0,0.0
128,Grilled-lime-and-chile-chicken-with-mango-and-red-bell-pepper-salsa-309897,1.0,0.0,0.0,0.0,0.0,1,1,0.0,0.0
129,Cheesy-Nacho-Beef-Skillet-1097287,0.0,0.0,0.0,0.0,1.0,1,1,0.0,0.0
130,Easy-Beef-Enchiladas-_Freezer-Friendly_-1104491,0.0,0.0,0.0,0.0,0.0,1,1,1.0,0.0
131,Mexican-Beef-Enchiladas-1613452,0.0,0.0,0.0,0.0,0.0,1,1,0.0,0.0
132,Mexican-Quinoa-Bake-577835,0.0,0.0,0.0,0.0,0.0,1,1,0.0,0.0
133,Pozole-rojo-298821,0.0,0.0,0.0,0.0,0.0,1,1,0.0,0.0
134,Easy-Chicken-Enchilada-Skillet-Dinner-1537189,0.0,0.0,0.0,0.0,0.0,1,1,0.0,0.0
135,Creamy-Green-Chile-Chicken-Enchiladas-1266988,0.0,0.0,0.0,0.0,0.0,1,1,1.0,0.0
136,Black-Bean-and-Chicken-Chilaquiles-1045664,0.0,0.0,0.0,0.0,0.0,1,1,0.0,0.0
137,Chiles-Rellenos-Topped-with-Green-Chile-Salsa-1680437,0.0,0.0,0.0,0.0,0.0,1,1,0.0,0.0
138,Paleo-Tacos-623263,0.0,0.0,0.0,0.0,0.0,1,1,0.0,0.0
139,Steak-Tacos-_Crock-Pot_-1197066,0.0,0.0,0.0,0.0,0.0,1,1,0.0,0.0
140,Chicken-Enchiladas-With-Salsa-Verde-1684747,0.0,0.0,0.0,0.0,0.0,1,1,0.0,0.0
141,Cilantro-Lime-Shrimp-623028,0.0,0.0,0.0,0.0,0.0,1,1,0.0,0.0
142,Easy-Green-Chili-Chicken-Enchiladas-1547892,0.0,0.0,0.0,0.0,1.0,1,1,0.0,0.0
143,5-Ingredient-Chicken-Enchiladas-1428367,0.0,0.0,0.0,0.0,0.0,1,1,0.0,0.0
144,Turkey-picadillo-352288,0.0,0.0,0.0,0.0,0.0,1,1,0.0,0.0
145,Quick-Chicken-Enchiladas-946658,0.0,0.0,0.0,0.0,0.0,1,1,1.0,0.0
146,Crockpot-Pork-Tacos-1600256,0.0,0.0,0.0,0.0,0.0,1,1,1.0,0.0
147,Taco-Spaghetti-Squash-Dinner-made-EASY_-1048831,0.0,0.0,0.0,0.0,0.0,1,1,0.0,0.0
148,Crockpot-Mexican-Chicken-499266,0.0,0.0,0.0,0.0,0.0,1,1,0.0,0.0
149,Mexican-Lasagna-1626129,0.0,0.0,0.0,0.0,0.0,1,1,0.0,0.0
150,Better-Than-Ever-Beef-Enchiladas-AllRecipes-37084,0.0,0.0,0.0,0.0,0.0,1,1,1.0,0.0
151,Slow-Cooker-Tacos-Al-Pastor-1052883,0.0,0.0,0.0,0.0,0.0,1,1,1.0,0.0
152,Ronaldo_s-Beef-Carnitas-Allrecipes,0.0,0.0,0.0,0.0,0.0,1,1,0.0,0.0
153,Tacos-Al-Carbon-685981,1.0,0.0,0.0,0.0,0.0,1,1,0.0,0.0
154,Creamy-Chicken-Enchilada-Pie-1169924,0.0,0.0,0.0,0.0,0.0,1,1,1.0,0.0
155,Chipotle-Chicken-Burrito-Bowl-with-Easy-Lime-Cilantro-Rice-1614732,0.0,0.0,0.0,0.0,0.0,1,1,1.0,0.0
156,Quinoa-Enchilada-Casserole-1517324,0.0,0.0,0.0,0.0,0.0,1,1,1.0,0.0
157,Enchilada-Casserole-1614256,0.0,0.0,0.0,0.0,0.0,1,1,0.0,0.0
158,Baked-Salsa-Chicken-1127180,0.0,0.0,0.0,0.0,0.0,1,1,0.0,0.0
159,No-Tortilla-Beef-Enchiladas-1620297,0.0,0.0,0.0,0.0,0.0,1,1,0.0,0.0
160,Chicken-Enchiladas-I-1609792,0.0,0.0,0.0,0.0,0.0,1,1,1.0,0.0
161,Taco-Bake-Casserole-1580819,0.0,0.0,0.0,0.0,0.0,1,1,0.0,0.0
162,Mexican-mac-and-cheese-cups-333667,0.0,0.0,0.0,0.0,0.0,1,1,1.0,0.0
163,Easy-Enchiladas-1627555,0.0,0.0,0.0,0.0,0.0,1,1,0.0,0.0
164,Cilantro-Lime-Chicken-Weight-Watchers-Friendly_-1066685,0.0,0.0,0.0,0.0,0.0,1,1,0.0,0.0
165,Salsa-Verde-Chicharron-Tacos-1344920,0.0,0.0,0.0,0.0,0.0,1,1,0.0,0.0
166,One-Skillet-Mexican-Rice-Casserole-1519461,0.0,0.0,0.0,0.0,0.0,1,1,1.0,0.0
167,One-Pot-Cheesy-Taco-Skillet-1041571,0.0,0.0,0.0,0.0,1.0,1,1,0.0,0.0
168,Carne-con-Chile-AllRecipes-38886,0.0,0.0,0.0,0.0,0.0,1,1,0.0,0.0
169,Slow-Cooker-_One-Pot_-Mexican-Rice-and-Beans-with-Avocados-1187044,0.0,0.0,0.0,0.0,0.0,1,1,1.0,0.0
170,Beef-Taco-Bake-1049814,0.0,0.0,0.0,0.0,1.0,1,1,0.0,0.0
171,Burrito-Bowl-1032576,0.0,0.0,0.0,0.0,0.0,1,1,0.0,0.0
172,Gluten-Free-Mexican-Lasagna-1694264,0.0,0.0,0.0,0.0,0.0,1,1,0.0,0.0
173,Slow-Cooker-Pork-Tacos-1334884,0.0,0.0,0.0,0.0,0.0,1,1,0.0,0.0
174,Salsa-Verde-Chicken-Enchiladas-1615868,0.0,0.0,0.0,0.0,0.0,1,1,1.0,0.0
175,Closing-doors_-chipotle-shrimp-tacos-334387,1.0,0.0,0.0,0.0,0.0,1,1,0.0,0.0
176,Mexican-slow-cooked-pork-carnitas-352424,0.0,0.0,0.0,0.0,0.0,1,1,0.0,0.0
177,Cheesy-Enchilada-Stack-1625667,0.0,0.0,0.0,0.0,0.0,1,1,1.0,0.0
178,Skinny_-er_-Beef-Enchiladas-1238017,0.0,0.0,0.0,0.0,0.0,1,1,0.0,0.0
179,Mexican-Skillet-Pasta-1259073,0.0,0.0,0.0,0.0,0.0,1,1,0.0,0.0
180,Hot-taco-salad-350902,0.0,0.0,0.0,0.0,1.0,1,1,0.0,0.0
181,Smothered-Chile-Colorado-Burritos-1621739,0.0,0.0,0.0,0.0,0.0,1,1,1.0,0.0
182,Vegetarian-Chimichangas-Black-Bean_-Cheese-and-Rice-Chimichangas-1175658,0.0,0.0,0.0,0.0,0.0,1,1,1.0,0.0
183,Traditional-New-Mexican-Style-Guisado-de-Chile-Verde-_Green-Chile-Stew_-1526364,0.0,0.0,0.0,0.0,0.0,1,1,0.0,0.0
184,Chicken-Enchiladas-989127,0.0,0.0,0.0,0.0,0.0,1,1,0.0,0.0
185,Pulled-Pork-Enchiladas-981165,0.0,0.0,0.0,0.0,0.0,1,1,1.0,0.0
186,One-Pot-Mexican-Quinoa-1048329,0.0,0.0,0.0,0.0,0.0,1,1,0.0,0.0
187,Slow-Cooker-Stuffed-Peppers-1080704,0.0,0.0,0.0,0.0,0.0,1,1,0.0,0.0
188,Trader-Joe_s-Chiles-Rellenos-1044036,0.0,0.0,0.0,0.0,0.0,1,1,0.0,0.0
189,Bean-and-cheese-burrito-casserole-slow-cooker-310276,0.0,0.0,0.0,0.0,0.0,1,1,0.0,0.0
190,Enchilada-Casserole-1015947,0.0,0.0,0.0,0.0,0.0,1,1,1.0,0.0
191,Chilorio-1066750,0.0,0.0,0.0,0.0,0.0,1,1,0.0,0.0
192,Chicken-Chile-Enchiladas-1323085,0.0,0.0,0.0,0.0,0.0,1,1,0.0,0.0
193,Roasted-Hatch-Chile-_-Chicken-Enchiladas-494990,0.0,0.0,0.0,0.0,0.0,1,1,0.0,0.0
194,Chicken-Tacos-_Cafe-Rio-Shredded-Chicken-Copycat-Recipe_-680320,0.0,0.0,0.0,0.0,0.0,1,1,0.0,0.0
195,Southwestern-Chicken-TasteOfHome,0.0,0.0,0.0,0.0,0.0,1,1,1.0,0.0
196,One-Pot-Mexican-Chicken-Pasta-940093,0.0,0.0,0.0,0.0,0.0,1,1,1.0,0.0
197,Bushs-Baked-Mexican-Chili-Pasta-1327878,0.0,0.0,0.0,0.0,0.0,1,1,0.0,0.0
198,Cheesy-Enchilada-Rice-Skillet-747143,0.0,0.0,0.0,0.0,0.0,1,1,0.0,0.0
199,Chicken-Fajita-Pizza-485276,0.0,0.0,0.0,0.0,0.0,1,1,1.0,0.0
200,Bbq-chicken-enchiladas-333696,0.0,0.0,0.0,0.0,0.0,1,1,0.0,0.0
201,Easy-Beef-Enchiladas-1385780,0.0,0.0,0.0,0.0,1.0,1,1,0.0,0.0
202,Slow-Cooker-Taco-Chicken-1001951,0.0,0.0,0.0,0.0,0.0,1,1,0.0,0.0
203,Layered-Vegetable-Enchiladas-686022,0.0,0.0,0.0,0.0,0.0,1,1,1.0,0.0
204,Mexican-Chicken-and-Rice-Casserole-1005316,0.0,0.0,0.0,0.0,0.0,1,1,0.0,0.0
205,Slow-cooker-cheese-enchilada-stack-310349,0.0,0.0,0.0,0.0,0.0,1,1,0.0,0.0
206,Southwest-Casserole-1029095,0.0,0.0,0.0,0.0,0.0,1,1,0.0,0.0
207,Cheesy-Nacho-Bake-AllRecipes-39956,0.0,0.0,0.0,0.0,1.0,1,1,0.0,0.0
208,Chicken-Fajita-Casserole-995903,0.0,0.0,0.0,0.0,1.0,1,1,0.0,0.0
209,Chicken-fajita-pizza-365339,0.0,0.0,0.0,0.0,0.0,1,1,0.0,0.0
210,Cool-Ranch-Crockpot-Chicken-Tacos-or-Tostadas-939401,0.0,0.0,0.0,0.0,0.0,1,1,0.0,0.0
211,DASH-Cheesy-Enchiladas-982151,0.0,0.0,0.0,0.0,1.0,1,1,1.0,0.0
212,Chicken-and-Green-Chili-Tamales-1625660,0.0,0.0,0.0,0.0,0.0,1,1,0.0,0.0
213,Chicken-Enchiladas-With-Salsa-Verde-1684770,0.0,0.0,0.0,0.0,0.0,1,1,0.0,0.0
214,One-Pot-Paleo-Mexican-Chicken-Stir-Fry-1052923,0.0,0.0,0.0,0.0,0.0,1,1,0.0,0.0
215,Easy-Chicken-Enchilada-Casserole-1329036,0.0,0.0,0.0,0.0,0.0,1,1,0.0,0.0
216,Chicken-and-Rice-Enchilada-Casserole-1598826,0.0,0.0,0.0,0.0,0.0,1,1,1.0,0.0
217,Slow-Cooker-Shredded-Beef-Tacos-1068763,0.0,0.0,0.0,0.0,0.0,1,1,0.0,0.0
218,Tequila-Lime-Grilled-Chicken-1082767,1.0,0.0,0.0,0.0,0.0,1,1,0.0,0.0
219,Grilled-Honey-Lime-Chicken-Quesadillas-596027,1.0,0.0,0.0,0.0,0.0,1,1,0.0,0.0
220,Crockpot-Chicken-Tacos-976898,0.0,0.0,0.0,0.0,0.0,1,1,0.0,0.0
221,Easy-Chimichurri-Shrimp-1047635,0.0,0.0,0.0,0.0,0.0,1,1,0.0,0.0
222,Mushroom-_-Poblano-Tacos-With-Goat-Cheese-1032705,0.0,0.0,0.0,0.0,0.0,1,1,0.0,0.0
223,Fajita-Chicken-Stuffed-Roasted-Bell-Peppers-783103,0.0,0.0,0.0,0.0,0.0,1,1,0.0,0.0
224,One-Skillet-Steak-Fajitas-1230683,0.0,0.0,0.0,0.0,0.0,1,1,0.0,0.0
225,Tamale-pie-350924,0.0,0.0,0.0,0.0,0.0,1,1,0.0,0.0
226,Beef-Enchiladas-Ii-Allrecipes,0.0,0.0,0.0,0.0,0.0,1,1,0.0,0.0
227,Easy-and-Cheesy-Chicken-Enchiladas-1460677,0.0,0.0,0.0,0.0,1.0,1,1,0.0,0.0
228,Green-Chile-and-Chicken-Mock-Enchilada-Casserole-500640,0.0,0.0,0.0,0.0,0.0,1,1,0.0,0.0
229,Jerk-Shrimp-Tacos-with-Pineapple-Salsa_-Slaw-and-Pina-Colada-Crema-1628467,1.0,0.0,0.0,0.0,0.0,1,1,0.0,0.0
230,Tamale-Pie-471293,0.0,0.0,0.0,0.0,1.0,1,1,0.0,0.0
231,Pulled-Pork-Enchiladas-with-Red-Chile-Sauce-487053,0.0,0.0,0.0,0.0,0.0,1,1,0.0,0.0
232,Easy-Black-Beans-and-Rice-1106896,0.0,0.0,0.0,0.0,0.0,1,1,0.0,0.0
233,Tequila-Lime-Chicken-1175310,1.0,0.0,0.0,0.0,0.0,1,1,0.0,0.0
234,Crab-Enchiladas-1621294,0.0,0.0,0.0,0.0,0.0,1,1,0.0,0.0
235,Grilled-Chipotle-Rubbed-Steaks-with-Lime-Butter-Serious-Eats-203150,1.0,0.0,0.0,0.0,0.0,1,1,0.0,0.0
236,Slow-cooker-chicken-fajitas-334050,0.0,0.0,0.0,0.0,0.0,1,1,0.0,0.0
237,Mexican-Pull-Apart-Pizza-682009,0.0,0.0,0.0,0.0,0.0,1,1,0.0,0.0
238,Creamy-Chicken-Enchiladas-1628052,0.0,0.0,0.0,0.0,0.0,1,1,0.0,0.0
239,Cheesy-Beef-Enchiladas-1050155,0.0,0.0,0.0,0.0,1.0,1,1,0.0,0.0
240,Firehouse-Enchiladas-1080907,0.0,0.0,0.0,0.0,0.0,1,1,0.0,0.0
241,Sweet-Potato_-Black-Bean-and-Kale-Enchiladas-1330550,0.0,0.0,0.0,0.0,0.0,1,1,0.0,0.0
242,Chicken-Chilaquiles-1072222,0.0,0.0,0.0,0.0,0.0,1,1,0.0,0.0
243,Green-chili-pork-stew-299098,0.0,0.0,0.0,0.0,0.0,1,1,0.0,0.0
244,Skinny-Mexican-Chicken-Casserole-1105744,0.0,0.0,0.0,0.0,0.0,1,1,0.0,0.0
245,Ancho-lentil-tacos-334915,0.0,0.0,0.0,0.0,0.0,1,1,0.0,0.0
246,Mojo-Steak-Tacos-1625275,0.0,0.0,0.0,0.0,0.0,1,1,1.0,0.0
247,Easy-Black-Beans-and-Rice-Simply-Recipes-42976,0.0,0.0,0.0,0.0,0.0,1,1,0.0,0.0
248,Sheet-Pan-Fajitas-1079050,0.0,0.0,0.0,0.0,0.0,1,1,0.0,0.0
249,Fish-Taco-Bowls-1037463,0.0,0.0,0.0,0.0,0.0,1,1,0.0,0.0
250,Crockpot-Chicken-Tacos-676675,0.0,0.0,0.0,0.0,0.0,1,1,0.0,0.0
251,Biscuit-Lime-Fish-Tacos-1686653,0.0,0.0,0.0,0.0,0.0,1,1,0.0,0.0
252,Mexican-Style-Beer-Can-Chicken-1181895,1.0,0.0,0.0,0.0,0.0,1,1,0.0,0.0
253,Chipotle_s-famous-Veggie-Buritto-Bowl-1441890,0.0,0.0,0.0,0.0,1.0,1,1,0.0,0.0
254,Slow-Cooker-Salsa-Chicken-Recipe-with-Lime-and-Melted-Mozzarella-_Low-Carb_-Gluten-Free_-1107810,0.0,0.0,0.0,0.0,1.0,1,1,0.0,0.0
255,Chicken-fajitas-352000,1.0,0.0,0.0,0.0,0.0,1,1,0.0,0.0
256,Poblano-Chile-Enchiladas-1322190,0.0,0.0,0.0,0.0,0.0,1,1,1.0,0.0
257,Crock-Pot-Chicken-Tacos-_gluten-free_-761879,0.0,0.0,0.0,0.0,0.0,1,1,0.0,0.0
258,Taco-stuffed-zucchini-boats-372036,0.0,0.0,0.0,0.0,0.0,1,1,0.0,0.0
259,Grilled-Bacon-Wrapped-Shrimp-Tacos-1699013,1.0,0.0,0.0,0.0,0.0,1,1,0.0,0.0
260,Tex-Mex-Shredded-Chicken-1115073,0.0,0.0,0.0,0.0,0.0,1,1,0.0,0.0
261,Southwest-Quinoa-Quesadillas-with-Chipotle-1171079,0.0,0.0,0.0,0.0,0.0,1,1,0.0,0.0
262,Instant-Pot-Mexican-Chicken-Saute-with-Green-Bell-Pepper_-Cojita-Cheese-and-Cilantro-1629056,0.0,0.0,0.0,0.0,0.0,1,1,0.0,0.0
263,Mexican-Pasta-Stuffed-Shells-1617563,0.0,0.0,0.0,0.0,0.0,1,1,0.0,0.0
264,Cheesy-Taco-a-Casserole-1626647,0.0,0.0,0.0,0.0,1.0,1,1,0.0,0.0
265,Mexican-Veggie-Chilli-1632962,0.0,0.0,0.0,0.0,0.0,1,1,0.0,0.0
266,Steak-Fajitas-Real-Simple-199062,0.0,0.0,0.0,0.0,0.0,1,1,1.0,0.0
267,Cheesy-Taco-Casserole-483861,0.0,0.0,0.0,0.0,0.0,1,1,0.0,0.0
268,Clean-Eating-Slow-Cooker-Pineapple-Chicken-Verde-762989,0.0,0.0,0.0,0.0,0.0,1,1,0.0,0.0
269,Frito-Enchilada-Casserole-1624719,0.0,0.0,0.0,0.0,0.0,1,1,0.0,0.0
270,Enchilada-Casserole-1197571,0.0,0.0,0.0,0.0,0.0,1,1,0.0,0.0
271,Cheesy-Mexican-Quinoa-_Vegan-_-One-Pan_-1600315,0.0,0.0,0.0,0.0,0.0,1,1,1.0,0.0
272,Mexican-Chicken-Chorizo-Skillet-1627274,0.0,0.0,0.0,0.0,0.0,1,1,0.0,0.0
273,Ground-Pork-Enchiladas-1297045,0.0,0.0,0.0,0.0,0.0,1,1,0.0,0.0
274,Light-Mexican-Stuffed-Shells-1578377,0.0,0.0,0.0,0.0,1.0,1,1,0.0,0.0
275,Cheesy-Burrito-Casserole-948775,0.0,0.0,0.0,0.0,1.0,1,1,0.0,0.0
276,Grilled-Fish-Tacos-967475,1.0,0.0,0.0,0.0,0.0,1,1,0.0,0.0
277,Street-Enchiladas-1290206,0.0,0.0,0.0,0.0,0.0,1,1,0.0,0.0
278,Tex-Mex-Skillet-1638351,0.0,0.0,0.0,0.0,1.0,1,1,1.0,0.0
279,Chicken-Taco-Boats-1571949,0.0,0.0,0.0,0.0,0.0,1,1,0.0,0.0
280,Mexican-Chicken-_-Rice-Bowl-623479,0.0,0.0,0.0,0.0,0.0,1,1,0.0,0.0
281,Double-Pork-Carnitas-1620155,0.0,0.0,0.0,0.0,0.0,1,1,0.0,0.0
282,Jose_s-Shrimp-Ceviche-Allrecipes,0.0,0.0,0.0,0.0,0.0,1,1,0.0,0.0
283,Chipotle-Fish-Tacos-1097681,1.0,0.0,0.0,0.0,0.0,1,1,0.0,0.0
284,Grilled-Steak-Tacos-1183725,1.0,0.0,0.0,0.0,0.0,1,1,0.0,0.0
285,Chili-Gravy-Enchiladas-1188368,0.0,0.0,0.0,0.0,0.0,1,1,0.0,0.0
286,Enchilada-lasagna-333786,0.0,0.0,0.0,0.0,0.0,1,1,1.0,0.0
287,Slow-Cooker-Ropa-Viejo-1080992,0.0,1.0,0.0,0.0,0.0,1,1,0.0,0.0
288,Crock-Pot-Chicken-Enchiladas-1031232,0.0,0.0,0.0,0.0,1.0,1,1,0.0,0.0
289,Spinach-Enchiladas-Allrecipes,0.0,0.0,0.0,0.0,0.0,1,1,0.0,0.0
290,Mom_s-spanish-chicken-and-rice-352160,0.0,0.0,0.0,0.0,0.0,1,1,0.0,0.0
291,Skinny-Chicken-Enchiladas-1570676,0.0,0.0,0.0,0.0,0.0,1,1,1.0,0.0
292,Mexican-Chicken-Tater-Tot-Casserole-1113636,0.0,0.0,0.0,0.0,0.0,1,1,0.0,0.0
293,Mexican-Beef-and-Rice-Skillet-1549743,0.0,0.0,0.0,0.0,0.0,1,1,0.0,0.0
294,Firehouse-Enchiladas-681704,0.0,0.0,0.0,0.0,0.0,1,1,0.0,0.0
295,Margarita-Marinated-Chicken-Fajitas-1600491,1.0,0.0,0.0,0.0,0.0,1,1,0.0,0.0
296,Mexican-Rice-_-Beef-Tacos-1596126,0.0,0.0,0.0,0.0,0.0,1,1,0.0,0.0
297,Taco-pasta-350768,0.0,0.0,0.0,0.0,0.0,1,1,0.0,0.0
298,Easy-Beef-and-Bean-Enchilada-1641242,0.0,0.0,0.0,0.0,0.0,1,1,0.0,0.0
299,Roast-pork-loin-with-poblano-chile-sauce-298075,0.0,0.0,0.0,0.0,0.0,1,1,0.0,0.0
300,Chiles-Rellenos-Closet-Cooking-54984,0.0,0.0,0.0,0.0,0.0,1,1,0.0,0.0
301,Chicken-Mole-1582279,0.0,0.0,0.0,0.0,0.0,1,1,0.0,0.0
302,Crock-Pot-Chicken-Tacos-1045905,0.0,0.0,0.0,0.0,0.0,1,1,1.0,0.0
303,Chicken-Tacos-1197283,0.0,0.0,0.0,0.0,1.0,1,1,0.0,0.0
304,Slow-Cooker-Salsa-Chicken-1169235,0.0,0.0,0.0,0.0,0.0,1,1,0.0,0.0
305,Chicken-fajitas-298866,0.0,0.0,0.0,0.0,0.0,1,1,0.0,0.0
306,Black-bean_-sweet-potato-and-quinoa-chili-308251,0.0,0.0,1.0,0.0,0.0,1,1,0.0,0.0
307,Seafood-Enchiladas-568255,0.0,0.0,0.0,0.0,0.0,1,1,0.0,0.0
308,Crockpot-Enchiladas-1006629,0.0,0.0,0.0,0.0,0.0,1,1,0.0,0.0
309,Slow-Cooker-Lime-Garlic-Chicken-Tacos-1637441,0.0,0.0,0.0,0.0,0.0,1,1,0.0,0.0
310,Taco-Stuffed-Peppers-1602256,0.0,0.0,0.0,0.0,0.0,1,1,0.0,0.0
311,Beef-carnitas-tacos-365328,0.0,0.0,0.0,0.0,0.0,1,1,0.0,0.0
312,Black-Bean-and-Beef-Enchilada-Casserole-1097190,0.0,0.0,0.0,0.0,0.0,1,1,1.0,0.0
313,Better-for-You-Ground-Turkey-Enchiladas-1338580,0.0,0.0,0.0,0.0,1.0,1,1,0.0,0.0
314,Chorizo-Chicken-Enchiladas-with-Avocado-Sauce-1614240,0.0,0.0,0.0,0.0,0.0,1,1,0.0,0.0
315,Carne-Asada-Marinade-Allrecipes,1.0,0.0,0.0,0.0,0.0,1,1,0.0,0.0
316,Spicy-Shrimp-Tacos-with-Garlic-Cilantro-Lime-Slaw-1066527,0.0,0.0,0.0,0.0,0.0,1,1,0.0,0.0
317,Vegan-Pulled-Jackfruit-Tacos-1678035,0.0,0.0,0.0,0.0,0.0,1,1,0.0,0.0
318,Classic-chili-con-carne-310208,0.0,0.0,0.0,0.0,0.0,1,1,0.0,0.0
319,Barbacoa-Tacos-1578756,0.0,0.0,0.0,0.0,0.0,1,1,1.0,0.0
320,Chicken-Enchiladas-with-Green-Sauce-1686073,0.0,0.0,0.0,0.0,0.0,1,1,1.0,0.0
321,Healthy-Chicken-Fajita-Casserole-896058,0.0,0.0,0.0,0.0,0.0,1,1,0.0,0.0
322,Spicy_-Citrusy-Black-Beans-Simply-Recipes-42655,0.0,0.0,0.0,0.0,0.0,1,1,0.0,0.0
323,Beef-and-black-bean-taco-bake-365019,0.0,0.0,0.0,0.0,0.0,1,1,0.0,0.0
324,Enchilada-Casserole-1181444,0.0,0.0,0.0,0.0,0.0,1,1,0.0,0.0
325,King-ranch-chicken-casserole-351200,0.0,0.0,0.0,0.0,0.0,1,1,0.0,0.0
326,Healthy-Mexican-Casserole-with-Roasted-Corn-and-Peppers-565987,0.0,0.0,0.0,0.0,0.0,1,1,1.0,0.0
327,Spinach-Enchiladas-1609289,0.0,0.0,0.0,0.0,0.0,1,1,0.0,0.0
328,Foil-Pack-Chicken-Enchiladas-1625676,1.0,0.0,0.0,0.0,0.0,1,1,1.0,0.0
329,Black-Bean_-Chayote-and-Goat-Cheese-Tacos-1687877,0.0,0.0,0.0,0.0,0.0,1,1,1.0,0.0
330,Rosemary-Citrus-Shrimp-Tacos-966160,0.0,0.0,0.0,0.0,0.0,1,1,0.0,0.0
331,Beef-enchilada-casserole-368892,0.0,0.0,0.0,0.0,0.0,1,1,0.0,0.0
332,Tex-Mex-Chicken-and-Rice-Casserole-758690,0.0,0.0,0.0,0.0,0.0,1,1,0.0,0.0
333,Slow-cooker-Mexican-casserole-593128,0.0,0.0,0.0,0.0,0.0,1,1,0.0,0.0
334,Vegan-Lentil-Tacos-1205899,0.0,0.0,0.0,0.0,0.0,1,1,0.0,0.0
335,_-picadillo-tacos-333132,0.0,0.0,0.0,0.0,0.0,1,1,0.0,0.0
336,Chicken-and-Black-Bean-Green-Chili-Rice-Skillet-519235,0.0,0.0,0.0,0.0,0.0,1,1,1.0,0.0
337,Mexican-Haystacks-1658486,0.0,0.0,0.0,0.0,0.0,1,1,0.0,0.0
338,Santa-fe-turkey-stuffed-peppers-352599,0.0,0.0,0.0,0.0,0.0,1,1,0.0,0.0
339,Ridiculously-Easy-Lunchbox-Enchilada-Casserole-481267,0.0,0.0,0.0,0.0,0.0,1,1,0.0,0.0
340,5-Ingredient-Chicken-Enchiladas-1452931,0.0,0.0,0.0,0.0,0.0,1,1,0.0,0.0
341,Chicken-Enchiladas-1425833,0.0,0.0,0.0,0.0,0.0,1,1,0.0,0.0
342,Crock-Pot-Shredded-Mexican-Chicken-1602188,0.0,0.0,0.0,0.0,0.0,1,1,0.0,0.0
343,The-Easiest-Enchilada-Casserole-Recipe-Ever-1519931,0.0,0.0,0.0,0.0,0.0,1,1,0.0,0.0
344,Shrimp-Tacos-with-Mango-Salsa-1276107,0.0,0.0,0.0,0.0,0.0,1,1,1.0,0.0
345,Beef-Burrito-1049130,0.0,0.0,0.0,0.0,0.0,1,1,1.0,0.0
346,Chilorio-_Mexican-Pulled-Pork_-1602183,0.0,0.0,0.0,0.0,0.0,1,1,0.0,0.0
347,Skinny-Fish-Tacos-in-Under-20-Minutes-1065711,0.0,0.0,0.0,0.0,0.0,1,1,0.0,0.0
348,Breaded-Chicken-Cutlets-with-Deconstructed-Guacamole-1592797,0.0,0.0,0.0,0.0,0.0,1,1,0.0,0.0
349,Chipotle-Pork-Soft-Tacos-530194,0.0,0.0,0.0,0.0,0.0,1,1,0.0,0.0
350,Bistec-en-Salsa-Roja-_Steak-in-Red-Salsa_-601633,0.0,0.0,0.0,0.0,0.0,1,1,0.0,0.0
351,Slow-Cooker-Chicken-Enchilada-Quinoa-975797,0.0,0.0,0.0,0.0,0.0,1,1,1.0,0.0
352,Mexican-Quinoa-Bake-1237689,0.0,0.0,0.0,0.0,0.0,1,1,1.0,0.0
353,Slow-Cooker-Mexican-Shredded-Chicken-Tacos-1338151,0.0,0.0,0.0,0.0,0.0,1,1,0.0,0.0
354,Slow-Cooker-Chicken-Tacos-1102226,0.0,0.0,0.0,0.0,1.0,1,1,0.0,0.0
355,Quinoa-Fiesta-Enchilada-Bake-1601444,0.0,0.0,0.0,0.0,0.0,1,1,1.0,0.0
356,Mini-Mexican-Meatloaves-1247371,0.0,0.0,0.0,0.0,0.0,1,1,1.0,0.0
357,Slow-Cooker-Cheesy-Chicken-Enchiladas-1622286,0.0,0.0,0.0,0.0,0.0,1,1,1.0,0.0
358,Chipotle-cilantro-chicken-skewers-297876,1.0,0.0,0.0,0.0,0.0,1,1,0.0,0.0
359,Shrimp_and_guacamole-Tostadas-My-Recipes,1.0,0.0,0.0,0.0,0.0,1,1,0.0,0.0
360,Easy-Mexican-Quinoa-Skillet-1597500,0.0,0.0,0.0,0.0,0.0,1,1,0.0,0.0
361,Tasty-Venison-Enchiladas-1681204,0.0,0.0,0.0,0.0,0.0,1,1,0.0,0.0
362,Vegan-Tacos-1203109,0.0,0.0,0.0,0.0,0.0,1,1,0.0,0.0
363,Quick-Black-Beans-and-Rice-1003518,0.0,0.0,0.0,0.0,0.0,1,1,1.0,0.0
364,One-Pan-Cheesy-Mexican-Quinoa-_Vegan_-1663539,0.0,0.0,0.0,0.0,0.0,1,1,1.0,0.0
365,It_s-Chili-By-George_-Allrecipes,0.0,0.0,0.0,0.0,0.0,1,1,0.0,0.0
366,Crockpot-Salsa-Verde-Chicken-Enchiladas-494971,0.0,0.0,0.0,0.0,1.0,1,1,0.0,0.0
367,Easy-Chicken-Enchilada-Boats-1149339,0.0,0.0,0.0,0.0,0.0,1,1,1.0,0.0
368,Slow-Cooker-Chili-511210,0.0,0.0,0.0,0.0,0.0,1,1,0.0,0.0
369,Taqueria-Style-Tacos-1088640,0.0,0.0,0.0,0.0,0.0,1,1,0.0,0.0
370,Chicken-Enchilada-Dip-485374,0.0,0.0,0.0,0.0,0.0,1,1,0.0,0.0
371,Grilled-Chicken-and-Cream-Cheese-Enchiladas-5-Ingredients-1019580,0.0,0.0,0.0,0.0,1.0,1,1,0.0,0.0
372,Couscous-Taco-Bowls-1068729,0.0,0.0,0.0,0.0,0.0,1,1,0.0,0.0
373,Street-Steak-Tacos-1056065,0.0,0.0,0.0,0.0,0.0,1,1,0.0,0.0
374,Black-Bean-and-Quinoa-Enchilada-Bake-497526,0.0,0.0,0.0,0.0,0.0,1,1,1.0,0.0
375,Slow-Cooker-Pork-Carnitas-1045301,0.0,0.0,0.0,0.0,0.0,1,1,1.0,0.0
376,Beef-Enchiladas-696527,0.0,0.0,0.0,0.0,0.0,1,1,0.0,0.0
377,Juicy-Pork-Carnitas-1465253,0.0,0.0,0.0,0.0,0.0,1,1,0.0,0.0
378,Crock-Pot-Taco-Casserole-1065178,0.0,0.0,0.0,0.0,0.0,1,1,0.0,0.0
379,Smothered-Burritos-with-Red-Sauce-and-Queso-1642562,0.0,0.0,0.0,0.0,0.0,1,1,1.0,0.0
380,Blackened-swordfish-tacos-w_-mango-avocado-salsa-361165,0.0,0.0,0.0,0.0,0.0,1,1,0.0,0.0
381,Mexican-Macaroni-Casserole-1592865,0.0,0.0,0.0,0.0,0.0,1,1,0.0,0.0
382,Chicken-Tortilla-Bake-TasteOfHome,0.0,0.0,0.0,0.0,0.0,1,1,1.0,0.0
383,Mexican-Chicken-Thighs-with-a-Creamy-Poblano-Sauce-1629795,0.0,0.0,0.0,0.0,0.0,1,1,0.0,0.0
384,5-Minute-Enchilada-Pie-1356840,0.0,0.0,0.0,0.0,0.0,1,1,1.0,0.0
385,Slow-Cooker-Carnitas-901250,0.0,0.0,0.0,0.0,0.0,1,1,0.0,0.0
386,Slow-Cooker-Chicken-Enchiladas-1023159,0.0,0.0,0.0,0.0,0.0,1,1,1.0,0.0
387,Slow-Cooker-Chile-Verde-Allrecipes,0.0,0.0,0.0,0.0,0.0,1,1,0.0,0.0
388,Carne-Adovada-_red-Chile-And-Pork-Stew_-My-Recipes,0.0,0.0,0.0,0.0,0.0,1,1,0.0,0.0
389,Mexican-Chicken-Casserole-with-Cheddar-Cheese-and-Tomatoes-1379356,0.0,0.0,0.0,0.0,1.0,1,1,1.0,0.0
390,Easy-Chicken-Enchiladas-1115542,0.0,0.0,0.0,0.0,1.0,1,1,0.0,0.0
391,Chicken-_-Black-Bean-Casserole-1023155,0.0,0.0,0.0,0.0,0.0,1,1,1.0,0.0
392,Chicken-Enchilada-1581445,0.0,0.0,0.0,0.0,1.0,1,1,0.0,0.0
393,Healthy-Oven-Fried-Chimichangas-1063054,0.0,0.0,0.0,0.0,0.0,1,1,0.0,0.0
394,Quesadilla-Casserole-490212,0.0,0.0,0.0,0.0,1.0,1,1,0.0,0.0
395,Taco-Stroganoff-1012092,0.0,0.0,0.0,0.0,1.0,1,1,0.0,0.0
396,Beefy-Taco-Skillet-1588012,0.0,0.0,0.0,0.0,1.0,1,1,1.0,0.0
397,Burrito-Bake-1045634,0.0,0.0,0.0,0.0,1.0,1,1,0.0,0.0
398,Easy-Crock-Pot-Salsa-Verde-Chicken-1093163,0.0,0.0,0.0,0.0,0.0,1,1,0.0,0.0
399,Mexican-Zucchini-Burrito-Boats-1246995,0.0,0.0,0.0,0.0,0.0,1,1,1.0,0.0
400,Easy-Chicken-Enchiladas-1568785,0.0,0.0,0.0,0.0,0.0,1,1,1.0,0.0
401,Mexican-Skillet-Dinner-1514926,0.0,0.0,0.0,0.0,0.0,1,1,0.0,0.0
402,Hatch-Green-Chile-Chicken-Enchiladas-1587927,0.0,0.0,0.0,0.0,0.0,1,1,1.0,0.0
403,Crockpot-Southwest-Chicken-Pasta-1179502,0.0,0.0,0.0,0.0,0.0,1,1,0.0,0.0
404,Recipe-for-Slow-Cooker-Mexican-Tortilla-Pie-1619048,0.0,0.0,0.0,0.0,0.0,1,1,1.0,0.0
405,Turkey-Enchiladas-1039024,0.0,0.0,0.0,0.0,0.0,1,1,0.0,0.0
406,No-Mess-Taco-Casserole-1009401,0.0,0.0,0.0,0.0,0.0,1,1,0.0,0.0
407,Cheesy-Chicken-Enchiladas-1568643,0.0,0.0,0.0,0.0,0.0,1,1,1.0,0.0
408,Cheesy-Mexican-Couscous-Casserole-1064510,0.0,0.0,0.0,0.0,0.0,1,1,0.0,0.0
409,Grilled-chipotle-fish-tacos-297826,1.0,0.0,0.0,0.0,0.0,1,1,0.0,0.0
410,_Merican-Enchiladas-636898,0.0,0.0,0.0,0.0,1.0,1,1,0.0,0.0
411,Mexican-Chicken-Skillet-1250876,0.0,0.0,0.0,0.0,0.0,1,1,0.0,0.0
412,Jerk-Shrimp-Tacos-with-Pineapple-Salsa_-Slaw-and-Pina-Colada-Crema-993954,1.0,0.0,0.0,0.0,0.0,1,1,0.0,0.0
413,Cheesy-shrimp-tacos-347983,0.0,0.0,0.0,0.0,0.0,1,1,0.0,0.0
414,The-Best-Vegan-Enchiladas-1602524,0.0,0.0,0.0,0.0,0.0,1,1,1.0,0.0
415,Crockpot-Salsa-Chicken-496305,0.0,0.0,0.0,0.0,1.0,1,1,0.0,0.0
416,Tortilla-Beef-Bake-TasteOfHome,0.0,0.0,0.0,0.0,0.0,1,1,0.0,0.0
417,One-Pot-Mexican-Shrimp-with-Cauliflower-Rice-1636033,0.0,0.0,0.0,0.0,0.0,1,1,0.0,0.0
418,Campfire-Tacos-with-Sweet-Potato_-Black-Beans-_-Poblano-Peppers-1627271,0.0,0.0,0.0,0.0,0.0,1,1,1.0,0.0
419,Best-Beef-Enchiladas-1605859,0.0,0.0,0.0,0.0,0.0,1,1,1.0,0.0
420,Beef-and-bean-taco-skillet-351059,0.0,0.0,0.0,0.0,0.0,1,1,0.0,0.0
421,Creamy-Roast-Beef-Enchiladas-1032357,0.0,0.0,0.0,0.0,0.0,1,1,1.0,0.0
422,Chicken-enchilada-casserole-341990,0.0,0.0,0.0,0.0,1.0,1,1,0.0,0.0
423,Beef-Taco-Skillet-Allrecipes,0.0,0.0,0.0,0.0,1.0,1,1,0.0,0.0
424,Cream-Cheese-Chicken-Enchiladas-1630066,0.0,0.0,0.0,0.0,0.0,1,1,1.0,0.0
425,3-Ingredient-Crock-Pot-Creamy-Taco-Chicken-1180844,0.0,0.0,0.0,0.0,1.0,1,1,0.0,0.0
426,Spicy-Cheese-and-Beef-Enchiladas-1224024,0.0,0.0,0.0,0.0,0.0,1,1,1.0,0.0
427,My-Favorite-Ground-Beef-Tacos-From-Paula-Deen-1617498,0.0,0.0,0.0,0.0,0.0,1,1,0.0,0.0
428,Pork-Chili-Verde-1082588,0.0,0.0,0.0,0.0,0.0,1,1,0.0,0.0
429,Bean-And-Cheese-Smothered-Enchiladas-1005317,0.0,0.0,0.0,0.0,0.0,1,1,0.0,0.0
430,Cream-Cheese-Enchiladas-1278964,0.0,0.0,0.0,0.0,0.0,1,1,1.0,0.0
431,Salsa-Chicken-Burrito-Filling-1687729,0.0,0.0,0.0,0.0,0.0,1,1,0.0,0.0
432,Salsa-Verde-Chicken-Enchiladas-1287096,0.0,0.0,0.0,0.0,0.0,1,1,0.0,0.0
433,Carnitas-Avocado-Pizza-with-Chipotle-Avocado-Mayonnaise-Drizzle-1688263,0.0,0.0,0.0,0.0,0.0,1,1,0.0,0.0
434,Slow-Cooker-Cream-Cheese-Chicken-Taquitos-578491,0.0,0.0,0.0,0.0,0.0,1,1,0.0,0.0
435,_Slow-Cooker_-Honey-Chipotle-Chicken-Tacos-1126457,0.0,0.0,0.0,0.0,0.0,1,1,1.0,0.0
436,Slow-Cooker-Mexican-Stir-Fry-1595219,0.0,0.0,0.0,0.0,0.0,1,1,0.0,0.0
437,Fish-Tacos-1681809,0.0,0.0,0.0,0.0,0.0,1,1,0.0,0.0
438,Butternut-squash-and-chorizo-tostadas-350944,0.0,0.0,0.0,0.0,0.0,1,1,1.0,0.0
439,Mexican-Lasagna-1076988,0.0,0.0,0.0,0.0,0.0,1,1,0.0,0.0
440,Freezer-Taco-Kit-1019109,0.0,0.0,0.0,0.0,0.0,1,1,0.0,0.0
441,Chicken-Enchilada-Skillet-895598,0.0,0.0,0.0,0.0,0.0,1,1,0.0,0.0
442,Mexican-Green-Spaghetti-1239859,0.0,0.0,0.0,0.0,0.0,1,1,0.0,0.0
443,Fish-Tacos-with-Salsa-Verde-1685606,0.0,0.0,0.0,0.0,0.0,1,1,0.0,0.0
444,Slow-Cooker-Pork-Carnitas-1118907,0.0,0.0,0.0,0.0,0.0,1,1,0.0,0.0
445,White-Chicken-Enchiladas-1597937,0.0,0.0,0.0,0.0,0.0,1,1,1.0,0.0
446,Cream-Cheese-Chicken-Enchiladas-996860,0.0,0.0,0.0,0.0,1.0,1,1,1.0,0.0
447,Sopes-de-Pollo-con-Frijoles-_Chicken-Sopes-with-Beans_-Serious-Eats-42077,0.0,0.0,0.0,0.0,0.0,1,1,0.0,0.0
448,Skinny-Mexican-Chicken-Casserole-979216,0.0,0.0,0.0,0.0,0.0,1,1,0.0,0.0
449,Beef-Taco-Bake-MyRecipes-247369,0.0,0.0,0.0,0.0,1.0,1,1,0.0,0.0
450,Vegetarian-Chili-608046,0.0,0.0,0.0,0.0,0.0,1,1,1.0,0.0
451,Arroz-con-pollo-361192,0.0,0.0,0.0,0.0,0.0,1,1,0.0,0.0
452,Roast-Chicken-In-Green-Salsa-1109992,0.0,0.0,0.0,0.0,0.0,1,1,0.0,0.0
453,Mexican-Stuffed-Peppers-1564185,0.0,0.0,0.0,0.0,0.0,1,1,1.0,0.0
454,Red-Enchiladas-1297603,0.0,0.0,0.0,0.0,0.0,1,1,1.0,0.0
455,Clean-Eating-2-Ingredient-Slow-Cooker-Taco-Chicken-1031762,0.0,0.0,0.0,0.0,0.0,1,1,0.0,0.0
456,Fish-Tacos-with-Lime-Sauce-1613173,0.0,0.0,0.0,0.0,0.0,1,1,0.0,0.0
457,One-Skillet-Spicy-Ranch-Chicken-763064,0.0,0.0,0.0,0.0,0.0,1,1,0.0,0.0
458,20-Minute-Mexican-Skillet-Chicken-1570506,0.0,0.0,0.0,0.0,0.0,1,1,0.0,0.0
459,Mexican-Grilled-Chicken-TasteOfHome,1.0,0.0,0.0,0.0,0.0,1,1,0.0,0.0
460,Beef-Tacos-de-Lengua-Simply-Recipes-42602,0.0,0.0,0.0,0.0,0.0,1,1,0.0,0.0
461,Mexican-Lasagna-Ii-Allrecipes,0.0,0.0,0.0,0.0,0.0,1,1,0.0,0.0
462,Chubby-steak-and-cheddar-taquitos-367089,0.0,0.0,0.0,0.0,0.0,1,1,0.0,0.0
463,One-Pan-Enchilada-962246,0.0,0.0,0.0,0.0,1.0,1,1,0.0,0.0
464,Mexican-Pork-Carnitas-1062106,0.0,0.0,0.0,0.0,0.0,1,1,0.0,0.0
465,Slow-Cooker-Spicy-Mexican-Chicken-Tacos-1606763,0.0,0.0,0.0,0.0,0.0,1,1,0.0,0.0
466,Chicken-Enchilada-Casserole-607089,0.0,0.0,0.0,0.0,0.0,1,1,0.0,0.0
467,Slow-Cooker-Steak-Tacos-1079610,0.0,0.0,0.0,0.0,0.0,1,1,1.0,0.0
468,Mexican-Lasagna-1164551,0.0,0.0,0.0,0.0,0.0,1,1,0.0,0.0
469,Fajita-Beef-Roll-Ups-1021500,0.0,0.0,0.0,0.0,0.0,1,1,0.0,0.0
470,Cinco-De-Mayo-Tacos-1199754,0.0,0.0,0.0,0.0,0.0,1,1,1.0,0.0
471,Cheesy-Taco-Bake-899753,0.0,0.0,0.0,0.0,0.0,1,1,0.0,0.0
472,Skillet-tacos-369694,0.0,0.0,0.0,0.0,1.0,1,1,0.0,0.0
473,Vegetarian-sweet-potato-chili-344728,0.0,0.0,0.0,0.0,0.0,1,1,0.0,0.0
474,Chicken-Enchiladas-with-Green-Sauce-1256496,0.0,0.0,0.0,0.0,0.0,1,1,0.0,0.0
475,Sour-Cream-Chicken-Enchiladas-Allrecipes,0.0,0.0,0.0,0.0,1.0,1,1,1.0,0.0
476,Quick-Chicken-Enchiladas-Allrecipes,0.0,0.0,0.0,0.0,0.0,1,1,1.0,0.0
477,Vegan-Enchiladas-Recipe-with-Lentils-and-Black-Beans-1620499,0.0,0.0,0.0,0.0,0.0,1,1,1.0,0.0
478,Mexican-Chili-684239,0.0,0.0,0.0,0.0,0.0,1,1,1.0,0.0
479,Taco-Ring-623921,0.0,0.0,0.0,0.0,0.0,1,1,0.0,0.0
480,Burrito-Pie-1639573,0.0,0.0,0.0,0.0,0.0,1,1,1.0,0.0
481,Mexican-Casserole-Allrecipes_2,0.0,0.0,0.0,0.0,0.0,1,1,0.0,0.0
482,Green-Chicken-Enchilada-Allrecipes,0.0,0.0,0.0,0.0,0.0,1,1,0.0,0.0
483,Quinoa-Enchilada-Skillet-1305723,0.0,0.0,0.0,0.0,0.0,1,1,0.0,0.0
484,Chimichurri-Skirt-Steak-with-Mexican-Salad-Stuffed-Peppers-1580059,1.0,0.0,0.0,0.0,0.0,1,1,1.0,0.0
485,Tomatillo-Salsa-Chicken-Enchilada-Casserole-1501861,0.0,0.0,0.0,1.0,0.0,1,1,1.0,0.0
486,Sour-Cream-Chicken-Enchiladas-992487,0.0,0.0,0.0,0.0,0.0,1,1,0.0,0.0
487,Mexican-Stuffed-Peppers-772402,0.0,0.0,0.0,0.0,0.0,1,1,0.0,0.0
488,Chicken-Taco-Quinoa-Skillet-1218850,0.0,0.0,0.0,0.0,1.0,1,1,0.0,0.0
489,Crockpot-chile-verde-310323,0.0,0.0,0.0,0.0,0.0,1,1,0.0,0.0
490,Mexican-Dorito-Casserole-574427,0.0,0.0,0.0,0.0,0.0,1,1,0.0,0.0
491,Carne-Asada-Marinade-999907,0.0,0.0,0.0,0.0,0.0,1,1,0.0,0.0
492,Poblano-Pork-Stew-over-Tomatillo-Rice-1684202,0.0,0.0,0.0,0.0,0.0,1,1,1.0,0.0
493,_Weekend-Slim-Down_-Skinny-Chicken-Fajitas-1368773,0.0,0.0,0.0,0.0,0.0,1,1,0.0,0.0
494,Tacos-al-Pastor-752466,1.0,0.0,0.0,0.0,0.0,1,1,1.0,0.0
495,TEX-MEX-TORTILLA-CASSEROLE-1004222,0.0,0.0,0.0,0.0,0.0,1,1,1.0,0.0
496,Vegetable-Enchiladas-472995,0.0,0.0,0.0,0.0,1.0,1,1,0.0,0.0
497,Halftime-Chili-472621,0.0,0.0,0.0,1.0,0.0,1,1,0.0,0.0
498,Chipotle-Shrimp-Tacos-1301304,0.0,0.0,0.0,0.0,0.0,1,1,0.0,0.0
499,Cheesy-Chili-Enchiladas-Allrecipes,0.0,0.0,0.0,0.0,0.0,1,1,0.0,0.0
