,id,Barbecue,Breads,Christmas,Easter,Fall,French,Game Day,Greek,Kid-Friendly,Main Dishes,Mediterranean,Moroccan,Spring,Summer,Sunday Lunch,Turkish,Valentine's Day,Winter
0,Mediterranean-Chicken-Casserole-1398785,0.0,0.0,0.0,0.0,0.0,0.0,0.0,0.0,0.0,1,1,0.0,0.0,0.0,0.0,0.0,0.0,0.0
1,Greek-Style-Stuffed-Eggplant-1028037,0.0,0.0,0.0,0.0,0.0,0.0,0.0,1.0,0.0,1,1,0.0,0.0,0.0,0.0,0.0,0.0,0.0
2,Mediterranean-Style-Stuffed-Peppers-1531347,0.0,0.0,0.0,0.0,0.0,0.0,0.0,0.0,0.0,1,1,0.0,0.0,0.0,0.0,0.0,0.0,0.0
3,Greek-Stuffed-Peppers-with-Feta-Cheese-1337218,0.0,0.0,0.0,0.0,0.0,0.0,0.0,1.0,0.0,1,1,0.0,0.0,0.0,0.0,0.0,0.0,0.0
4,Mediterranean-Grilled-Chicken-and-Roasted-Red-Pepper-Pizza-with-Feta-and-Balsamic-Glaze-1169140,1.0,0.0,0.0,0.0,0.0,0.0,0.0,0.0,0.0,1,1,0.0,0.0,0.0,0.0,0.0,0.0,0.0
5,Mediterranean-Fish-in-Parchment-With-Spring-Vegetables-1569669,0.0,0.0,0.0,0.0,0.0,0.0,0.0,0.0,0.0,1,1,0.0,1.0,0.0,0.0,0.0,0.0,0.0
6,Grilled-Tuna-with-Mediterranean-Yogurt-Sauce-1206473,1.0,0.0,0.0,0.0,0.0,0.0,0.0,0.0,0.0,1,1,0.0,0.0,0.0,0.0,0.0,0.0,0.0
7,Greek-Turkey_-Rice-_-Feta-Casserole-1004405,0.0,0.0,0.0,0.0,0.0,0.0,0.0,1.0,0.0,1,1,0.0,0.0,0.0,0.0,0.0,0.0,0.0
8,Thin-Crust-Mediterranean-Pizza-1042699,0.0,0.0,0.0,0.0,0.0,0.0,0.0,0.0,0.0,1,1,0.0,0.0,0.0,0.0,0.0,0.0,0.0
9,Rice-N-Roni-Mediterranean-Style-1505618,0.0,0.0,0.0,0.0,0.0,0.0,0.0,0.0,0.0,1,1,0.0,0.0,0.0,0.0,0.0,0.0,0.0
10,Greek-Chicken-Fried-Rice-1549116,0.0,0.0,0.0,0.0,0.0,0.0,0.0,1.0,0.0,1,1,0.0,0.0,0.0,0.0,0.0,0.0,0.0
11,Involtini-1524963,0.0,0.0,0.0,0.0,0.0,0.0,0.0,0.0,0.0,1,1,0.0,0.0,0.0,0.0,0.0,0.0,0.0
12,One-Pot-Greek-Lemon-Dill-Pasta-1127033,0.0,0.0,0.0,0.0,0.0,0.0,0.0,1.0,0.0,1,1,0.0,0.0,0.0,0.0,0.0,0.0,0.0
13,One-Pot-Greek-Creamy-Orzo-with-Chicken-Sausage-1509887,0.0,0.0,0.0,0.0,0.0,0.0,0.0,1.0,0.0,1,1,0.0,0.0,0.0,0.0,0.0,0.0,0.0
14,Amazing-Greek-Pasta-Allrecipes,0.0,0.0,0.0,0.0,0.0,0.0,0.0,1.0,0.0,1,1,0.0,0.0,0.0,0.0,0.0,0.0,0.0
15,Mediterranean-Shrimp-Skewers-1246052,1.0,0.0,0.0,0.0,0.0,0.0,0.0,0.0,0.0,1,1,0.0,0.0,0.0,0.0,0.0,0.0,0.0
16,Pan-Seared-Fish-with-Lemon-Parsley-Gremolata-and-Greek-Salad-1406194,0.0,0.0,0.0,0.0,0.0,0.0,0.0,1.0,0.0,1,1,0.0,0.0,0.0,0.0,0.0,0.0,0.0
17,Transform-Roasted-Chicken-Into-a-Mediterranean-Showstopper-1517621,0.0,0.0,0.0,0.0,0.0,0.0,0.0,0.0,0.0,1,1,0.0,0.0,0.0,0.0,0.0,0.0,0.0
18,Greek-Pasta-with-Tomatoes-and-White-Beans-1607732,0.0,0.0,0.0,0.0,0.0,0.0,0.0,1.0,0.0,1,1,0.0,0.0,0.0,0.0,0.0,0.0,0.0
19,Mediterranean-Salmon-Baked-in-Foil-490239,0.0,0.0,0.0,0.0,0.0,0.0,0.0,0.0,0.0,1,1,0.0,0.0,0.0,0.0,0.0,0.0,0.0
20,Lamb-sausage-burgers-with-feta-tzatziki-349638,1.0,0.0,0.0,0.0,0.0,0.0,0.0,1.0,0.0,1,1,0.0,0.0,0.0,0.0,0.0,0.0,0.0
21,Mediterranean-Grilled-Lamb-with-Pale-Ale-Glaze-1221979,1.0,0.0,0.0,0.0,0.0,0.0,0.0,0.0,0.0,1,1,0.0,0.0,0.0,0.0,0.0,0.0,0.0
22,Greek-Lamb-with-Spinach-and-Artichokes-1117963,0.0,0.0,0.0,0.0,0.0,0.0,0.0,1.0,0.0,1,1,0.0,0.0,0.0,0.0,0.0,0.0,0.0
23,Mediterranean-Baked-Cod-1506239,0.0,0.0,0.0,0.0,0.0,0.0,0.0,0.0,0.0,1,1,0.0,0.0,0.0,0.0,0.0,0.0,0.0
24,Spaghetti-Squash-With-Fresh-Tomatoes_-Olives-And-Capers-1001788,0.0,0.0,0.0,0.0,0.0,0.0,0.0,0.0,0.0,1,1,0.0,0.0,0.0,0.0,0.0,0.0,0.0
25,Mediterranean-Branzino-442033,0.0,0.0,0.0,0.0,0.0,0.0,0.0,0.0,0.0,1,1,0.0,0.0,0.0,0.0,0.0,0.0,0.0
26,Greek-Chicken-With-Lemon-_-Oregano-1204313,0.0,0.0,0.0,0.0,0.0,0.0,0.0,1.0,0.0,1,1,0.0,0.0,0.0,0.0,0.0,0.0,0.0
27,Greek-Style-Grilled-Beef-Lettuce-Wraps-with-Yogurt-Garlic-Sauce-1239644,1.0,0.0,0.0,0.0,0.0,0.0,0.0,1.0,0.0,1,1,0.0,0.0,0.0,0.0,0.0,0.0,0.0
28,Greek-Lamb-Pies-With-Feta-Mash-Topping-992264,0.0,0.0,0.0,0.0,0.0,0.0,0.0,1.0,0.0,1,1,0.0,0.0,0.0,1.0,0.0,0.0,0.0
29,Greek-Chicken-Pasta-1349533,0.0,0.0,0.0,0.0,0.0,0.0,0.0,1.0,0.0,1,1,0.0,0.0,0.0,0.0,0.0,0.0,0.0
30,Mediterranean-Roasted-Red-Snapper-with-Garlic-and-Bell-Peppers-1396992,0.0,0.0,0.0,0.0,0.0,0.0,0.0,0.0,0.0,1,1,0.0,0.0,0.0,0.0,0.0,0.0,0.0
31,Mediterranean-Chicken-with-Olives-Capers-and-Tomatoes-1350929,0.0,0.0,0.0,0.0,0.0,0.0,0.0,0.0,0.0,1,1,0.0,0.0,0.0,0.0,0.0,0.0,0.0
32,Mediterranean-Couscous-with-Chicken-_-Olives-1058166,0.0,0.0,0.0,0.0,0.0,0.0,0.0,0.0,0.0,1,1,0.0,0.0,0.0,0.0,0.0,0.0,0.0
33,Mediterranean-Ground-Beef-Stew-1305391,0.0,0.0,0.0,0.0,0.0,0.0,0.0,0.0,0.0,1,1,0.0,0.0,0.0,0.0,0.0,0.0,0.0
34,Mediterranean-Steak-Gyro-780318,0.0,0.0,0.0,0.0,0.0,0.0,0.0,0.0,0.0,1,1,0.0,0.0,0.0,0.0,0.0,0.0,0.0
35,Braised-Moroccan-style-Welsh-Lamb-962930,0.0,0.0,0.0,0.0,0.0,0.0,0.0,0.0,0.0,1,1,1.0,0.0,0.0,0.0,0.0,0.0,0.0
36,Mediterranean-Chicken-_-Pasta-Bake-676533,0.0,0.0,0.0,0.0,0.0,0.0,0.0,0.0,0.0,1,1,0.0,0.0,0.0,0.0,0.0,0.0,0.0
37,Greek-Lamb-Pilaf-1085614,0.0,0.0,0.0,0.0,0.0,0.0,0.0,1.0,0.0,1,1,0.0,0.0,0.0,0.0,0.0,0.0,0.0
38,Greek-Spinach-_-Feta-Meatloaf-1373669,0.0,0.0,0.0,0.0,0.0,0.0,0.0,1.0,0.0,1,1,0.0,0.0,0.0,0.0,0.0,0.0,0.0
39,Greek-Cabbage-Pie-with-Dill-and-Feta-1242758,0.0,0.0,0.0,0.0,0.0,0.0,0.0,1.0,0.0,1,1,0.0,0.0,0.0,0.0,0.0,0.0,0.0
40,Do-Something-Different-Mediterranean-Couscous-Stuffed-Peppers-1118963,0.0,0.0,0.0,0.0,0.0,0.0,0.0,0.0,0.0,1,1,0.0,0.0,0.0,0.0,0.0,0.0,0.0
41,Mediterranean-Grilled-Lamb-Chop-Recipe-with-Tomato-Mint-Quinoa-1189999,1.0,0.0,0.0,0.0,0.0,0.0,0.0,0.0,0.0,1,1,0.0,0.0,0.0,0.0,0.0,0.0,0.0
42,Mediterranean-Casserole-AllRecipes-39590,0.0,0.0,0.0,0.0,0.0,0.0,0.0,0.0,0.0,1,1,0.0,0.0,0.0,0.0,0.0,0.0,0.0
43,Mediterranean-Shrimp-And-Pasta-My-Recipes,0.0,0.0,0.0,0.0,0.0,0.0,0.0,0.0,0.0,1,1,0.0,0.0,0.0,0.0,0.0,0.0,0.0
44,Mediterranean-Chickpea-Chili-1490048,0.0,0.0,0.0,0.0,0.0,0.0,0.0,0.0,0.0,1,1,0.0,0.0,0.0,0.0,0.0,0.0,0.0
45,Easy-Greek-Chicken-Casserole-My-Recipes,0.0,0.0,0.0,0.0,0.0,0.0,0.0,1.0,0.0,1,1,0.0,0.0,0.0,0.0,0.0,0.0,0.0
46,Warm-Mediterranean-Quinoa-Salad-Fully-Loaded_-1545746,0.0,0.0,0.0,0.0,0.0,0.0,0.0,0.0,0.0,1,1,0.0,0.0,0.0,0.0,0.0,0.0,0.0
47,Mediterranean-Chicken-Paillard-1229019,0.0,0.0,0.0,0.0,0.0,0.0,0.0,0.0,0.0,1,1,0.0,0.0,0.0,0.0,0.0,0.0,0.0
48,Greek-Chicken-Tacos-with-Whipped-Feta-967158,0.0,0.0,0.0,0.0,0.0,0.0,0.0,1.0,0.0,1,1,0.0,0.0,0.0,0.0,0.0,0.0,0.0
49,Greek-Style-Meatloaf-w_-Eggplant_-Spinach-_-Feta---Low-Carb-1030722,0.0,0.0,0.0,0.0,0.0,0.0,0.0,1.0,0.0,1,1,0.0,0.0,0.0,0.0,0.0,0.0,0.0
50,Mediterranean-Spaghetti-Bake-1338115,0.0,0.0,0.0,0.0,0.0,0.0,0.0,0.0,0.0,1,1,0.0,0.0,0.0,0.0,0.0,0.0,0.0
51,Greek-Lamb_-Chickpea-and-Feta-Tart-1314492,0.0,0.0,0.0,0.0,0.0,0.0,0.0,1.0,0.0,1,1,0.0,0.0,0.0,0.0,0.0,0.0,0.0
52,Super-Fast-Herbed-Mediterranean-Shrimp-Pasta-1016527,0.0,0.0,0.0,0.0,0.0,0.0,0.0,0.0,0.0,1,1,0.0,0.0,0.0,0.0,0.0,0.0,0.0
53,Mediterranean-Chicken-1369711,0.0,0.0,0.0,0.0,0.0,0.0,0.0,0.0,0.0,1,1,0.0,0.0,0.0,0.0,0.0,0.0,0.0
54,Mediterranean-Lamb-with-Avgolemono-Sauce-1321724,0.0,0.0,0.0,0.0,0.0,0.0,0.0,0.0,0.0,1,1,0.0,0.0,0.0,1.0,0.0,0.0,0.0
55,Mediterranean-Tuna-Noodle-Skillet-1068969,0.0,0.0,0.0,0.0,0.0,0.0,0.0,0.0,0.0,1,1,0.0,0.0,0.0,0.0,0.0,0.0,0.0
56,Grilled-Eggplant-Lamb-Rolls-with-Tzatziki-491366,1.0,0.0,0.0,0.0,0.0,0.0,0.0,1.0,0.0,1,1,0.0,0.0,0.0,0.0,0.0,0.0,0.0
57,Grilled-Eggplant-Souvlaki-with-Zesty-Yogurt-Sauce-604012,1.0,0.0,0.0,0.0,0.0,0.0,0.0,1.0,0.0,1,1,0.0,0.0,1.0,0.0,0.0,0.0,0.0
58,Mediterranean-Roasted-Cod-with-Peppers_-Artichokes-and-Capers_-1110504,0.0,0.0,0.0,0.0,0.0,0.0,0.0,0.0,0.0,1,1,0.0,0.0,0.0,1.0,0.0,0.0,0.0
59,Shrimp-Skewers-With-Tzatziki_-Spinach_-And-Feta-Epicurious,1.0,0.0,0.0,0.0,0.0,0.0,0.0,1.0,0.0,1,1,0.0,0.0,1.0,0.0,0.0,0.0,0.0
60,Mediterranean-Chicken-and-Shrimp-with-Lemon-_-Feta-1569830,0.0,0.0,0.0,0.0,0.0,0.0,0.0,0.0,0.0,1,1,0.0,0.0,0.0,0.0,0.0,0.0,0.0
61,Greek-Pumpkin-and-Leek-Pie-1242764,0.0,0.0,0.0,0.0,0.0,0.0,0.0,1.0,0.0,1,1,0.0,0.0,0.0,0.0,0.0,0.0,0.0
62,Mediterranean-Bean-Burgers-on-whole-grain-tortilla-1329267,0.0,0.0,0.0,0.0,0.0,0.0,0.0,0.0,0.0,1,1,0.0,0.0,0.0,0.0,0.0,0.0,0.0
63,Mediterranean-Chicken-and-Chorizo-1400897,0.0,0.0,0.0,0.0,0.0,0.0,0.0,0.0,0.0,1,1,0.0,0.0,0.0,0.0,0.0,0.0,0.0
64,Mediterranean-Pasta-Toss-995794,0.0,0.0,0.0,0.0,0.0,0.0,0.0,0.0,0.0,1,1,0.0,0.0,0.0,0.0,0.0,0.0,0.0
65,Mediterranean-Chik_n-And-Artichokes-Allrecipes,0.0,0.0,0.0,0.0,0.0,0.0,0.0,0.0,0.0,1,1,0.0,0.0,0.0,0.0,0.0,0.0,0.0
66,Mediterranean-Style-Quinoa-1173192,0.0,0.0,0.0,0.0,0.0,0.0,0.0,0.0,0.0,1,1,0.0,0.0,0.0,0.0,0.0,0.0,0.0
67,Mediterranean-Pasta-1336013,0.0,0.0,0.0,0.0,0.0,0.0,0.0,0.0,0.0,1,1,0.0,0.0,0.0,0.0,0.0,0.0,0.0
68,Lamb-Souvlaki-_-Black-Olive-Orzo-1240358,0.0,0.0,0.0,0.0,0.0,0.0,0.0,1.0,0.0,1,1,0.0,0.0,0.0,0.0,0.0,0.0,0.0
69,Lamb-Burgers-with-Tabbouleh-and-Grilled-Peppers-1582152,1.0,0.0,0.0,0.0,0.0,0.0,0.0,0.0,0.0,1,1,0.0,0.0,0.0,0.0,0.0,0.0,0.0
70,Mediterranean-beef-stew-__Pasticada__-1518451,0.0,0.0,0.0,0.0,0.0,0.0,0.0,0.0,0.0,1,1,0.0,0.0,0.0,0.0,0.0,0.0,0.0
71,Mediterranean-Vegetable-Stew-Allrecipes,0.0,0.0,0.0,0.0,0.0,0.0,0.0,0.0,0.0,1,1,0.0,0.0,0.0,0.0,0.0,0.0,0.0
72,Greek-Style-Eggplant-and-Spaghetti-Pie-760849,0.0,0.0,0.0,0.0,0.0,0.0,0.0,1.0,0.0,1,1,0.0,0.0,0.0,0.0,0.0,0.0,0.0
73,Grilled-Feta-Cheese-with-Olives-and-Tomatoes-1276090,1.0,0.0,0.0,0.0,0.0,0.0,0.0,0.0,0.0,1,1,0.0,0.0,1.0,0.0,0.0,0.0,0.0
74,Mediterranean-Beef-Kabobs-1537956,1.0,0.0,0.0,0.0,0.0,0.0,0.0,0.0,0.0,1,1,0.0,0.0,0.0,0.0,0.0,0.0,0.0
75,Greek-Shrimp-Casserole-974420,0.0,0.0,0.0,0.0,0.0,0.0,0.0,1.0,0.0,1,1,0.0,0.0,0.0,0.0,0.0,0.0,0.0
76,Greek-Lamb-Meatballs-1111961,0.0,0.0,0.0,0.0,0.0,0.0,0.0,1.0,0.0,1,1,0.0,0.0,0.0,0.0,0.0,0.0,0.0
77,Greek-style-shrimp-with-feta-stuffed-peppers-304937,0.0,0.0,0.0,0.0,0.0,0.0,0.0,1.0,0.0,1,1,0.0,0.0,0.0,0.0,0.0,0.0,0.0
78,Lamb-Burgers-with-Mint-Greek-Salad-Topping-1007954,0.0,0.0,0.0,0.0,0.0,0.0,0.0,1.0,0.0,1,1,0.0,0.0,0.0,0.0,0.0,0.0,0.0
79,Mediterranean-Chicken-1605039,0.0,0.0,0.0,0.0,0.0,0.0,0.0,0.0,0.0,1,1,0.0,0.0,0.0,0.0,0.0,0.0,0.0
80,Mediterranean-Red-Mullet-Crumble_-782132,0.0,0.0,0.0,0.0,0.0,0.0,0.0,0.0,0.0,1,1,0.0,0.0,0.0,0.0,0.0,0.0,0.0
81,Skinny-Greek-Mac-and-Cheese-with-Crunchy-Pita-Chip-Topping-1256596,0.0,0.0,0.0,0.0,0.0,0.0,0.0,1.0,0.0,1,1,0.0,0.0,0.0,0.0,0.0,0.0,0.0
82,Mediterranean-Chicken-771982,0.0,0.0,0.0,0.0,0.0,0.0,0.0,0.0,0.0,1,1,0.0,0.0,0.0,0.0,0.0,0.0,0.0
83,Greek-Lamb-Skewers-1408889,1.0,0.0,0.0,0.0,0.0,0.0,0.0,1.0,0.0,1,1,0.0,0.0,0.0,0.0,0.0,0.0,0.0
84,Genevieve-Taylors-Greek-lamb-filo-pie-with-feta-and-oregano-1002928,0.0,0.0,0.0,0.0,0.0,0.0,0.0,1.0,0.0,1,1,0.0,0.0,0.0,0.0,0.0,0.0,0.0
85,Mediterranean-Chicken-Sausage-and-Veggie-Bake-987185,0.0,0.0,0.0,0.0,0.0,0.0,0.0,0.0,0.0,1,1,0.0,0.0,0.0,0.0,0.0,0.0,0.0
86,Slow-Cooker-Chicken-Gyro-Boats-1186063,0.0,0.0,0.0,0.0,0.0,0.0,0.0,0.0,0.0,1,1,0.0,0.0,0.0,0.0,0.0,0.0,0.0
87,Greek-Chicken-with-Rice-AllRecipes,0.0,0.0,0.0,0.0,0.0,0.0,0.0,1.0,0.0,1,1,0.0,0.0,0.0,0.0,0.0,0.0,0.0
88,Baked-Mediterranean-Snapper-AllRecipes-202446,0.0,0.0,0.0,0.0,0.0,0.0,0.0,0.0,0.0,1,1,0.0,0.0,0.0,0.0,0.0,0.0,0.0
89,Mediterranean-Chicken-Quinoa-1190402,0.0,0.0,0.0,0.0,0.0,0.0,0.0,0.0,0.0,1,1,0.0,0.0,0.0,0.0,0.0,0.0,0.0
90,Greek-Fava-with-Grilled-Squid-1500013,1.0,0.0,0.0,0.0,0.0,0.0,0.0,1.0,0.0,1,1,0.0,0.0,0.0,0.0,0.0,0.0,0.0
91,Greek-Chicken-with-Tomato-and-Rice-Salad-1157735,0.0,0.0,0.0,0.0,0.0,0.0,0.0,1.0,0.0,1,1,0.0,0.0,0.0,0.0,0.0,0.0,0.0
92,Creamy-Greek-Shrimp-Pasta-1529740,0.0,0.0,0.0,0.0,0.0,0.0,0.0,1.0,0.0,1,1,0.0,0.0,0.0,0.0,0.0,0.0,0.0
93,Slow-Cooker-Mediterranean-Succotash-1216474,0.0,0.0,0.0,0.0,0.0,0.0,0.0,0.0,0.0,1,1,0.0,0.0,0.0,0.0,0.0,0.0,0.0
94,Mediterranean-Salmon-Salad-MyRecipes-244522,0.0,0.0,0.0,0.0,0.0,0.0,0.0,0.0,0.0,1,1,0.0,0.0,0.0,0.0,0.0,0.0,0.0
95,Greek-Lamb_-Chickpea-and-Feta-Tart-1544106,0.0,0.0,0.0,0.0,0.0,0.0,0.0,1.0,0.0,1,1,0.0,0.0,0.0,0.0,0.0,0.0,0.0
96,Mediterranean-Shrimp-with-Angel-Hair-Pasta-1239659,0.0,0.0,0.0,0.0,0.0,0.0,0.0,0.0,0.0,1,1,0.0,0.0,0.0,0.0,0.0,0.0,0.0
97,Greek-Shrimp-_-Garides-Tourkolimano-1112886,0.0,0.0,0.0,0.0,0.0,0.0,0.0,1.0,0.0,1,1,0.0,0.0,0.0,0.0,0.0,0.0,0.0
98,Mediterranean-Orzo-Mac-_-Cheese-487826,0.0,0.0,0.0,0.0,0.0,0.0,0.0,0.0,0.0,1,1,0.0,0.0,0.0,0.0,0.0,0.0,0.0
99,Mediterranean-Chicken-with-Garlic-Tomato-Sauce-1370912,1.0,0.0,0.0,0.0,0.0,0.0,0.0,0.0,0.0,1,1,0.0,0.0,0.0,0.0,0.0,0.0,0.0
100,Greek-Leek-Pie-_-Prasopita-1216204,0.0,0.0,0.0,0.0,0.0,0.0,0.0,1.0,0.0,1,1,0.0,0.0,0.0,0.0,0.0,0.0,0.0
101,Lamb-Souvlaki-Pizza-with-Tzatziki-Sauce-496271,0.0,0.0,0.0,0.0,0.0,0.0,0.0,1.0,0.0,1,1,0.0,0.0,0.0,0.0,0.0,0.0,0.0
102,Mediterranean-Pizza-1434303,0.0,0.0,0.0,0.0,0.0,0.0,0.0,0.0,0.0,1,1,0.0,0.0,0.0,0.0,0.0,0.0,0.0
103,Greek_style-Baked-Salmon-Allrecipes,0.0,0.0,0.0,0.0,0.0,0.0,0.0,1.0,0.0,1,1,0.0,0.0,0.0,0.0,0.0,0.0,0.0
104,Greek-Style-Lamb-Macaroni-1407526,0.0,0.0,0.0,0.0,0.0,0.0,0.0,0.0,0.0,1,1,0.0,0.0,0.0,0.0,0.0,0.0,0.0
105,Greek-Lamb-Patties-with-Tabbouleh-1403919,0.0,0.0,0.0,0.0,0.0,0.0,0.0,1.0,0.0,1,1,0.0,0.0,0.0,0.0,0.0,0.0,0.0
106,15-Minute-Mediterranean-Pasta-1336004,0.0,0.0,0.0,0.0,0.0,0.0,0.0,0.0,0.0,1,1,0.0,0.0,0.0,0.0,0.0,0.0,0.0
107,Mediterranean-chicken-and-polenta-338963,0.0,0.0,0.0,0.0,0.0,0.0,0.0,0.0,0.0,1,1,0.0,0.0,0.0,0.0,0.0,0.0,0.0
108,Greek-Lamb-Meatball-Sliders-632561,0.0,0.0,0.0,0.0,0.0,0.0,0.0,1.0,0.0,1,1,0.0,0.0,0.0,0.0,0.0,0.0,0.0
109,Greek-Pork-Ribeye-Roast-with-Mediterranean-Couscous-1036447,0.0,0.0,0.0,0.0,0.0,0.0,0.0,0.0,0.0,1,1,0.0,0.0,0.0,0.0,0.0,0.0,0.0
110,Mediterranean-Pork-Tenderloin-1237043,0.0,0.0,0.0,0.0,0.0,0.0,0.0,0.0,0.0,1,1,0.0,0.0,0.0,0.0,0.0,0.0,0.0
111,Mediterranean-Pasta-with-Hummus-and-Charred-Tomatoes-1271346,0.0,0.0,0.0,0.0,0.0,0.0,0.0,0.0,0.0,1,1,0.0,0.0,0.0,0.0,0.0,0.0,0.0
112,Mediterranean-Turkey-Kabobs-1158884,0.0,0.0,0.0,0.0,0.0,0.0,0.0,0.0,0.0,1,1,0.0,0.0,0.0,0.0,0.0,0.0,0.0
113,Grilled-Beef-Tenderloin-with-Mediterranean-Relish-1185589,1.0,0.0,0.0,0.0,0.0,0.0,0.0,0.0,0.0,1,1,0.0,0.0,0.0,0.0,0.0,0.0,0.0
114,Baked-Mediterranean-Lamb-and-Zucchini-1400010,0.0,0.0,0.0,0.0,0.0,0.0,0.0,0.0,0.0,1,1,0.0,0.0,0.0,0.0,0.0,0.0,0.0
115,Mediterranean-Spaghetti-1413096,0.0,0.0,0.0,0.0,0.0,0.0,0.0,0.0,0.0,1,1,0.0,0.0,0.0,0.0,0.0,0.0,0.0
116,Jamie-Olivers-Stuffed-Rack-of-Lamb-1215545,0.0,0.0,0.0,0.0,0.0,0.0,0.0,0.0,0.0,1,1,0.0,0.0,0.0,1.0,0.0,0.0,0.0
117,Braised-Rabbit-With-Olives-Epicurious,0.0,0.0,0.0,0.0,0.0,0.0,0.0,0.0,0.0,1,1,0.0,0.0,0.0,0.0,0.0,0.0,0.0
118,Mediterranean-Chicken-With-Potatoes-My-Recipes,0.0,0.0,0.0,0.0,0.0,0.0,0.0,0.0,0.0,1,1,0.0,0.0,0.0,0.0,0.0,0.0,0.0
119,Greek-Chicken-Pasta-with-Olives-and-Feta-1116421,0.0,0.0,0.0,0.0,0.0,0.0,0.0,1.0,0.0,1,1,0.0,0.0,0.0,0.0,0.0,0.0,0.0
120,Mediterranean-Ground-Lamb-Phyllo-Cups-1407375,0.0,0.0,0.0,0.0,0.0,0.0,0.0,0.0,0.0,1,1,0.0,0.0,0.0,0.0,0.0,0.0,0.0
121,Linguine-With-Shrimp_-Tomatoes_-Olives_-And-Capers-My-Recipes,0.0,0.0,0.0,0.0,0.0,0.0,0.0,0.0,0.0,1,1,0.0,0.0,0.0,0.0,0.0,0.0,0.0
122,Mediterranean-_Hercules_-Skillet-1461136,0.0,0.0,0.0,0.0,0.0,0.0,0.0,0.0,0.0,1,1,0.0,0.0,0.0,0.0,0.0,0.0,0.0
123,Greek-Style-Stuffed-Peppers-with-Chicken-Feta-and-Kalamata-Olives-1461565,0.0,0.0,0.0,0.0,0.0,0.0,0.0,1.0,0.0,1,1,0.0,0.0,0.0,0.0,0.0,0.0,0.0
124,Mediterranean-Crock-Pot-Chicken-Taco-Bar-1346683,0.0,0.0,0.0,0.0,0.0,0.0,0.0,0.0,0.0,1,1,0.0,0.0,0.0,0.0,0.0,0.0,0.0
125,Mediterranean-Chicken-1075288,0.0,0.0,0.0,0.0,0.0,0.0,0.0,0.0,0.0,1,1,0.0,0.0,0.0,0.0,0.0,0.0,0.0
126,Greek-Lemon-Baked-Fish-with-Tomatoes_-Zucchini-and-Chickpeas-1003596,0.0,0.0,0.0,0.0,0.0,0.0,0.0,1.0,0.0,1,1,0.0,0.0,0.0,0.0,0.0,0.0,0.0
127,Grilled-Lamb-Chops-with-Pea_-Feta-_-Mint-Salad-544457,1.0,0.0,0.0,0.0,0.0,0.0,0.0,0.0,0.0,1,1,0.0,1.0,1.0,0.0,0.0,0.0,0.0
128,Mediterranean-Seafood-Stew-with-Polenta-Cubes-1463322,0.0,0.0,0.0,0.0,0.0,0.0,0.0,0.0,0.0,1,1,0.0,0.0,0.0,0.0,0.0,0.0,0.0
129,Mediterranean-Eggplant_-Spinach-_-Ricotta-Rolls-568712,0.0,0.0,0.0,0.0,0.0,0.0,0.0,0.0,0.0,1,1,0.0,0.0,0.0,0.0,0.0,0.0,0.0
130,Lamb-Kofte-with-Yogurt-Sauce-and-Muhammara-747652,0.0,0.0,0.0,0.0,0.0,0.0,0.0,0.0,0.0,1,1,0.0,0.0,0.0,0.0,0.0,0.0,0.0
131,Chicken-Feta-Phyllo-Cups-with-Tzatziki-Sauce-1516727,0.0,0.0,0.0,0.0,0.0,0.0,0.0,1.0,0.0,1,1,0.0,0.0,0.0,0.0,0.0,0.0,0.0
132,Mediterranean-Chicken-and-Carrot-Noodle-Bowl-with-Tahini-1229563,0.0,0.0,0.0,0.0,0.0,0.0,0.0,0.0,0.0,1,1,0.0,0.0,0.0,0.0,0.0,0.0,0.0
133,Cavatappi-With-Spinach_-Garbanzo-Beans_-And-Feta-My-Recipes,0.0,0.0,0.0,0.0,0.0,0.0,0.0,0.0,0.0,1,1,0.0,0.0,0.0,0.0,0.0,0.0,0.0
134,Quick-Greek-Couscous-with-Shrimp-MyRecipes-244382,0.0,0.0,0.0,0.0,0.0,0.0,0.0,1.0,0.0,1,1,0.0,0.0,0.0,0.0,0.0,0.0,0.0
135,Mediterranean-Stuffed-Roast-Lamb-with-Green-Beans-and-Fried-Potatoes-1410795,0.0,0.0,0.0,0.0,0.0,0.0,0.0,0.0,0.0,1,1,0.0,0.0,0.0,1.0,0.0,0.0,0.0
136,Greek_style-Shrimp-Linguine-My-Recipes,0.0,0.0,0.0,0.0,0.0,0.0,0.0,1.0,0.0,1,1,0.0,0.0,0.0,0.0,0.0,0.0,0.0
137,Chile-Cumin-Lamb-Meatballs-with-Yogurt-and-Cucumber-1537291,0.0,0.0,0.0,0.0,0.0,0.0,0.0,0.0,0.0,1,1,0.0,0.0,0.0,0.0,0.0,0.0,0.0
138,Mediterranean-Chicken-Pasta-960728,0.0,0.0,0.0,0.0,0.0,0.0,0.0,0.0,0.0,1,1,0.0,0.0,0.0,0.0,0.0,0.0,0.0
139,Mediterranean-Chicken-Kabobs-1229419,1.0,0.0,0.0,0.0,0.0,0.0,0.0,0.0,0.0,1,1,0.0,0.0,0.0,0.0,0.0,0.0,0.0
140,Mediterranean-Grilled-Vegetable-Tagine-1049630,1.0,0.0,0.0,0.0,0.0,0.0,0.0,0.0,0.0,1,1,1.0,0.0,0.0,0.0,0.0,0.0,0.0
141,Greek-Chicken-Meatballs-1575263,0.0,0.0,0.0,0.0,0.0,0.0,0.0,1.0,1.0,1,1,0.0,0.0,0.0,0.0,0.0,0.0,0.0
142,Stuffed-Eggplant-with-Chickpeas_-Bulgur-Wheat-and-Tahini-Sauce-1228169,0.0,0.0,0.0,0.0,0.0,0.0,0.0,0.0,0.0,1,1,0.0,0.0,0.0,0.0,0.0,0.0,0.0
143,Mediterranean-Amber-Jack-Fish-1391483,0.0,0.0,0.0,0.0,0.0,0.0,0.0,0.0,0.0,1,1,0.0,0.0,0.0,0.0,0.0,0.0,0.0
144,Mediterranean-Mac-n_-Cheese-1206579,0.0,0.0,0.0,0.0,0.0,0.0,0.0,0.0,0.0,1,1,0.0,0.0,0.0,0.0,0.0,0.0,0.0
145,Grilled-Beef-Tenderloin-with-Mediterranean-Relish-630641,0.0,0.0,0.0,0.0,0.0,0.0,0.0,0.0,0.0,1,1,0.0,0.0,0.0,0.0,0.0,0.0,0.0
146,Souvlaki-with-Greek-Salad-1411728,0.0,0.0,0.0,0.0,0.0,0.0,0.0,1.0,0.0,1,1,0.0,0.0,0.0,0.0,0.0,0.0,0.0
147,Mediterranean-Beef-Rolls-1405048,0.0,0.0,0.0,0.0,0.0,0.0,0.0,0.0,0.0,1,1,0.0,0.0,0.0,0.0,0.0,0.0,0.0
148,Mediterranean-Macaroni-and-Cheese-1169744,0.0,0.0,0.0,0.0,0.0,0.0,0.0,0.0,0.0,1,1,0.0,0.0,0.0,0.0,0.0,0.0,0.0
149,Grilled-Mediterranean-Greek-Pizza-with-Sundried-Tomato-Chicken-Sausage-AllRecipes,1.0,0.0,0.0,0.0,0.0,0.0,0.0,0.0,0.0,1,1,0.0,0.0,0.0,0.0,0.0,0.0,0.0
150,Flounder-Mediterranean-Allrecipes,0.0,0.0,0.0,0.0,0.0,0.0,0.0,0.0,0.0,1,1,0.0,0.0,0.0,0.0,0.0,0.0,0.0
151,Mediterranean-Tilapia-with-Vegetables-and-Olives-1522094,0.0,0.0,0.0,0.0,0.0,0.0,0.0,0.0,0.0,1,1,0.0,0.0,0.0,0.0,0.0,0.0,0.0
152,Feta-_-Spinach-Couscous-Patties-769009,0.0,0.0,0.0,0.0,0.0,0.0,0.0,0.0,0.0,1,1,0.0,0.0,0.0,0.0,0.0,0.0,0.0
153,Lamb-Meatballs-in-Greek-Inspired-Tomato-Sauce-1013963,0.0,0.0,0.0,0.0,0.0,0.0,0.0,1.0,0.0,1,1,0.0,0.0,0.0,0.0,0.0,0.0,0.0
154,Best-Scampi-Mediterranean-Pasta-678859,0.0,0.0,0.0,0.0,0.0,0.0,0.0,0.0,0.0,1,1,0.0,0.0,0.0,0.0,0.0,0.0,0.0
155,Lamb-Chops-with-Olive-Couscous-MyRecipes-212018,0.0,0.0,0.0,0.0,0.0,0.0,0.0,0.0,0.0,1,1,0.0,0.0,0.0,0.0,0.0,0.0,0.0
156,Greek-Orzo-Stuffed-Peppers-1294829,0.0,0.0,0.0,0.0,0.0,0.0,0.0,1.0,0.0,1,1,0.0,0.0,0.0,0.0,0.0,0.0,0.0
157,Mediterranean-Style-Garlic-Salmon-in-Foil-1180936,0.0,0.0,0.0,0.0,0.0,0.0,0.0,0.0,0.0,1,1,0.0,0.0,0.0,0.0,0.0,0.0,0.0
158,Mediterranean-Chicken-Bake-1551864,0.0,0.0,0.0,0.0,0.0,0.0,0.0,0.0,0.0,1,1,0.0,0.0,0.0,0.0,0.0,0.0,0.0
159,Greek-Chicken-Burgers-With-Cauliflower-Buns-And-Tzatziki-1043312,0.0,0.0,0.0,0.0,0.0,0.0,0.0,1.0,0.0,1,1,0.0,0.0,0.0,0.0,0.0,0.0,0.0
160,Greek-Style-Spinach-Feta-Pie-1030817,0.0,0.0,0.0,0.0,0.0,0.0,0.0,1.0,0.0,1,1,0.0,0.0,0.0,0.0,0.0,0.0,0.0
161,Greek-Lamb-Sliders-1118626,0.0,0.0,0.0,0.0,0.0,0.0,0.0,1.0,0.0,1,1,0.0,0.0,0.0,0.0,0.0,0.0,0.0
162,Grilled-Tuna-with-Mediterranean-Sauce-MyRecipes-265580,1.0,0.0,0.0,0.0,0.0,0.0,0.0,0.0,0.0,1,1,0.0,0.0,0.0,0.0,0.0,0.0,0.0
163,Mediterranean-Grilled-Pork-Chops-1609774,1.0,0.0,0.0,0.0,0.0,0.0,0.0,0.0,0.0,1,1,0.0,0.0,0.0,0.0,0.0,0.0,0.0
164,Greek-Chicken-Stew-with-Cauliflower-Rice-1494567,0.0,0.0,0.0,0.0,0.0,0.0,0.0,1.0,0.0,1,1,0.0,0.0,0.0,0.0,0.0,0.0,0.0
165,Mediterranean-Shrimp-Tortellini-487621,0.0,0.0,0.0,0.0,0.0,0.0,0.0,0.0,0.0,1,1,0.0,0.0,0.0,0.0,0.0,0.0,0.0
166,Mediterranean-Lamb--and-Couscous-Stuffed-Peppers-1084908,0.0,0.0,0.0,0.0,0.0,0.0,0.0,0.0,0.0,1,1,0.0,0.0,0.0,0.0,0.0,0.0,0.0
167,Mediterranean-Skillet-1474117,0.0,0.0,0.0,0.0,0.0,0.0,0.0,0.0,0.0,1,1,0.0,0.0,0.0,0.0,0.0,0.0,0.0
168,Greek-Baked-Ziti-987389,0.0,0.0,0.0,0.0,0.0,0.0,0.0,1.0,0.0,1,1,0.0,0.0,0.0,0.0,0.0,0.0,0.0
169,Zucchini-Mediterranean-Style-Allrecipes,0.0,0.0,0.0,0.0,0.0,0.0,0.0,0.0,0.0,1,1,0.0,0.0,0.0,0.0,0.0,0.0,0.0
170,Mediterranean-Chickpea-Chili-1134871,0.0,0.0,0.0,0.0,0.0,0.0,0.0,0.0,0.0,1,1,0.0,0.0,0.0,0.0,0.0,0.0,0.0
171,Lamb-Chops-Bathed-in-Greek-Herbs-Martha-Stewart-196463,0.0,0.0,0.0,0.0,0.0,0.0,0.0,1.0,0.0,1,1,0.0,0.0,0.0,0.0,0.0,0.0,0.0
172,Braised-Lamb-With-Egg-and-Lemon-1562920,0.0,0.0,0.0,1.0,0.0,0.0,0.0,0.0,0.0,1,1,0.0,0.0,0.0,0.0,0.0,0.0,0.0
173,Greek-Zucchini-Spaghetti-_-Feta-Stuffed-Lamb-Meatballs-with-Pinot-Marinara-1530727,0.0,0.0,0.0,0.0,0.0,0.0,0.0,1.0,0.0,1,1,0.0,0.0,0.0,0.0,0.0,0.0,0.0
174,GREEK-VEAL-SCALOPPINE-with-fresh-tomato-pulp_-feta-cheese-and-kalamata-olives-1020669,0.0,0.0,0.0,0.0,0.0,0.0,0.0,1.0,0.0,1,1,0.0,0.0,0.0,0.0,0.0,0.0,0.0
175,Mediterranean-Tilapia-with-Lemon-Caper-Sauce-1441726,0.0,0.0,0.0,0.0,0.0,0.0,0.0,0.0,0.0,1,1,0.0,0.0,0.0,0.0,0.0,0.0,0.0
176,Roasted-Leg-of-Lamb-with-Black-Olives-684444,0.0,0.0,0.0,0.0,0.0,0.0,0.0,0.0,0.0,1,1,0.0,0.0,0.0,1.0,0.0,0.0,0.0
177,Greek-Beef-Orzo-501779,0.0,0.0,0.0,0.0,0.0,0.0,0.0,1.0,0.0,1,1,0.0,0.0,0.0,0.0,0.0,0.0,0.0
178,Mediterranean-Salmon-Cooked-in-Parchment-Martha-Stewart-192184,0.0,0.0,0.0,0.0,0.0,0.0,0.0,0.0,0.0,1,1,0.0,0.0,0.0,0.0,0.0,0.0,0.0
179,Greek-Lamb-Meatballs-999532,0.0,0.0,0.0,0.0,0.0,0.0,0.0,1.0,0.0,1,1,0.0,0.0,0.0,0.0,0.0,0.0,0.0
180,Greek_Style-Pasta-with-Shrimp-Martha-Stewart,0.0,0.0,0.0,0.0,0.0,0.0,0.0,1.0,0.0,1,1,0.0,0.0,0.0,0.0,0.0,0.0,0.0
181,Mediterranean-Style-Baked-Tilapia-1459168,0.0,0.0,0.0,0.0,0.0,0.0,0.0,0.0,0.0,1,1,0.0,0.0,0.0,0.0,0.0,0.0,0.0
182,Greek-Style-Dinner-Pie-with-Leftover-Greens-1242761,0.0,0.0,0.0,0.0,0.0,0.0,0.0,1.0,0.0,1,1,0.0,0.0,0.0,0.0,0.0,0.0,0.0
183,Braised-Lamb-Shoulder-with-Figs-456677,0.0,0.0,0.0,0.0,0.0,0.0,0.0,0.0,0.0,1,1,0.0,0.0,0.0,1.0,0.0,0.0,0.0
184,Mediterranean-Style-Brown-Rice-Bowl-with-Shrimp-1548811,0.0,0.0,0.0,0.0,0.0,0.0,0.0,0.0,0.0,1,1,0.0,0.0,0.0,0.0,0.0,0.0,0.0
185,Cheesy-Vegetable-Moussaka-1075518,0.0,0.0,0.0,0.0,0.0,0.0,0.0,0.0,0.0,1,1,0.0,0.0,0.0,0.0,0.0,0.0,0.0
186,Easy-Mediterranean-Fish-AllRecipes,0.0,0.0,0.0,0.0,0.0,0.0,0.0,0.0,0.0,1,1,0.0,0.0,0.0,0.0,0.0,0.0,0.0
187,Lamb-Burgers-with-Tzatziki-Sauce-and-Parsley-Salad-Martha-Stewart-197053,1.0,0.0,0.0,0.0,0.0,0.0,0.0,1.0,0.0,1,1,0.0,0.0,1.0,0.0,0.0,0.0,0.0
188,Greek-Style-Pork-Chops-1085004,0.0,0.0,0.0,0.0,0.0,0.0,0.0,1.0,0.0,1,1,0.0,0.0,0.0,0.0,0.0,0.0,0.0
189,Bushs-Mediterranean-Skillet-1327874,0.0,0.0,0.0,0.0,0.0,0.0,0.0,0.0,0.0,1,1,0.0,0.0,0.0,0.0,0.0,0.0,0.0
190,Grilled-Shrimp-_Souvlaki_-1540396,1.0,0.0,0.0,0.0,0.0,0.0,0.0,0.0,0.0,1,1,0.0,0.0,0.0,0.0,0.0,0.0,0.0
191,Greek-Chicken-Thighs-1466008,0.0,0.0,0.0,0.0,0.0,0.0,0.0,1.0,0.0,1,1,0.0,0.0,0.0,0.0,0.0,0.0,0.0
192,One-Skillet-Paleo-Mediterranean-Chicken-1379975,0.0,0.0,0.0,0.0,0.0,0.0,0.0,0.0,0.0,1,1,0.0,0.0,0.0,0.0,0.0,0.0,0.0
193,Mediterranean-Chicken-And-Vegetable-Kebabs-My-Recipes,1.0,0.0,0.0,0.0,0.0,0.0,0.0,0.0,0.0,1,1,0.0,0.0,0.0,0.0,0.0,0.0,0.0
194,Mediterranean-Boneless-Pork-Chops-627376,0.0,0.0,0.0,0.0,0.0,0.0,0.0,0.0,0.0,1,1,0.0,0.0,0.0,0.0,0.0,0.0,0.0
195,Roasted-lamb-chops-with-greek-salad-370356,0.0,0.0,0.0,0.0,0.0,0.0,0.0,1.0,0.0,1,1,0.0,0.0,0.0,0.0,0.0,0.0,0.0
196,Greek-Chicken-with-Rice-and-Tomato-Salad-1329778,0.0,0.0,0.0,0.0,0.0,0.0,0.0,1.0,0.0,1,1,0.0,0.0,0.0,0.0,0.0,0.0,0.0
197,Mediterranean-Shrimp-and-Pasta-1447601,0.0,0.0,0.0,0.0,0.0,0.0,0.0,0.0,0.0,1,1,0.0,0.0,0.0,0.0,0.0,0.0,0.0
198,Mediterranean-Tuna-Noodle-Skillet-1469905,0.0,0.0,0.0,0.0,0.0,0.0,0.0,0.0,0.0,1,1,0.0,0.0,0.0,0.0,0.0,0.0,0.0
199,Mediterranean-Puff-Pastry-Chicken-1607459,0.0,0.0,0.0,0.0,0.0,0.0,0.0,0.0,0.0,1,1,0.0,0.0,0.0,0.0,0.0,0.0,0.0
200,Greek-Potato-and-Olive-Stew-Serious-Eats-200493,0.0,0.0,0.0,0.0,0.0,0.0,0.0,1.0,0.0,1,1,0.0,0.0,0.0,0.0,0.0,0.0,0.0
201,Pan-Roasted-Fish-with-Mediterranean-Tomato-Sauce-1076404,0.0,0.0,0.0,0.0,0.0,0.0,0.0,0.0,0.0,1,1,0.0,0.0,0.0,0.0,0.0,0.0,0.0
202,Greek-Pizza-1308870,0.0,0.0,0.0,0.0,0.0,0.0,0.0,1.0,0.0,1,1,0.0,0.0,0.0,0.0,0.0,0.0,0.0
203,Mediterranean-Quinoa-Casserole-1362589,0.0,0.0,0.0,0.0,0.0,0.0,0.0,0.0,0.0,1,1,0.0,0.0,0.0,0.0,0.0,0.0,0.0
204,Greek-Lamb-With-Herbs-And-Garlic-My-Recipes,1.0,0.0,0.0,0.0,0.0,0.0,0.0,1.0,0.0,1,1,0.0,0.0,0.0,1.0,0.0,0.0,0.0
205,Mediterranean-Quiche-Duo-with-Cucumber-Chickpea-Salad-1548173,0.0,0.0,0.0,0.0,0.0,0.0,0.0,0.0,0.0,1,1,0.0,0.0,0.0,0.0,0.0,0.0,0.0
206,Seared-Mediterranean-Tuna-Steaks-My-Recipes,0.0,0.0,0.0,0.0,0.0,0.0,0.0,0.0,0.0,1,1,0.0,0.0,0.0,0.0,0.0,0.0,0.0
207,Greek-Chicken-Thighs-with-Artichokes-and-Olives-1463709,0.0,0.0,0.0,0.0,0.0,0.0,0.0,0.0,0.0,1,1,0.0,0.0,0.0,0.0,0.0,0.0,0.0
208,One-Pan-Mediterranean-Braised-Chicken-with-Olives-1386993,0.0,0.0,0.0,0.0,0.0,0.0,0.0,0.0,0.0,1,1,0.0,0.0,0.0,0.0,0.0,0.0,0.0
209,Baked-Mediterranean-Lamb-Meatball-Sliders-1523846,0.0,0.0,0.0,0.0,0.0,0.0,0.0,0.0,0.0,1,1,0.0,0.0,0.0,0.0,0.0,0.0,0.0
210,Feta-Meatballs-with-Spinach-Couscous-_-Tzatziki-530635,0.0,0.0,0.0,0.0,0.0,0.0,0.0,1.0,0.0,1,1,0.0,0.0,0.0,0.0,0.0,0.0,0.0
211,Mediterranean-Grilled-Chicken-1250673,1.0,0.0,0.0,0.0,0.0,0.0,0.0,0.0,0.0,1,1,0.0,0.0,1.0,0.0,0.0,0.0,0.0
212,Greek-Nachos-with-Baked-Chickpeas-1254182,0.0,0.0,0.0,0.0,0.0,0.0,0.0,1.0,0.0,1,1,0.0,0.0,0.0,0.0,0.0,0.0,0.0
213,Pan-Seared-and-Roasted-Mahi-Mahi-with-Mediterranean-Salsa-and-Feta-501480,0.0,0.0,0.0,0.0,0.0,0.0,0.0,0.0,0.0,1,1,0.0,0.0,0.0,1.0,0.0,0.0,0.0
214,Mediterranean-Smothered-Chicken-1344016,0.0,0.0,0.0,0.0,0.0,0.0,0.0,0.0,0.0,1,1,0.0,0.0,0.0,0.0,0.0,0.0,0.0
215,Greek-Inspired-Meat-Sauce-682246,0.0,0.0,0.0,0.0,0.0,0.0,0.0,1.0,0.0,1,1,0.0,0.0,0.0,0.0,0.0,0.0,0.0
216,Tarpon-Springs-Greek-Burgers-775745,0.0,0.0,0.0,0.0,0.0,0.0,0.0,1.0,0.0,1,1,0.0,0.0,0.0,0.0,0.0,0.0,0.0
217,Greek-Lamb-Stew-1403491,0.0,0.0,0.0,0.0,0.0,0.0,0.0,1.0,0.0,1,1,0.0,0.0,0.0,0.0,0.0,0.0,0.0
218,One-Skillet-Mediterranean-Chicken-1063136,0.0,0.0,0.0,0.0,0.0,0.0,0.0,0.0,0.0,1,1,0.0,0.0,0.0,0.0,0.0,0.0,0.0
219,Lamb_-Fig-_-Olive-Stew-1202165,0.0,0.0,0.0,0.0,0.0,0.0,0.0,0.0,0.0,1,1,0.0,0.0,0.0,0.0,0.0,0.0,0.0
220,Flounder-Mediterranean-1247815,0.0,0.0,0.0,0.0,0.0,0.0,0.0,0.0,0.0,1,1,0.0,0.0,0.0,0.0,0.0,0.0,0.0
221,Greek-Lamb-and-Feta-Lasagna-1096239,0.0,0.0,0.0,0.0,0.0,0.0,0.0,1.0,0.0,1,1,0.0,0.0,0.0,0.0,0.0,0.0,0.0
222,Braised-Chicken-Thighs-With-Artichokes-And-Greek-Olives-My-Recipes,0.0,0.0,0.0,0.0,0.0,0.0,0.0,0.0,0.0,1,1,0.0,0.0,0.0,0.0,0.0,0.0,0.0
223,Mediterranean-Pasta-with-Feta-Cheese-Sauce-1484403,0.0,0.0,0.0,0.0,0.0,0.0,0.0,0.0,0.0,1,1,0.0,0.0,0.0,0.0,0.0,0.0,0.0
224,Mediterranean-Chicken-Pita-Tacos-with-Creamy-Tzatziki-Sauce-1507005,0.0,0.0,0.0,0.0,0.0,0.0,0.0,1.0,0.0,1,1,0.0,0.0,0.0,0.0,0.0,0.0,0.0
225,Greek-Orange-Roast-Lamb-AllRecipes,0.0,0.0,0.0,0.0,0.0,0.0,0.0,1.0,0.0,1,1,0.0,0.0,0.0,1.0,0.0,0.0,0.0
226,Greek-Style-Shrimp-and-Orzo-1287240,0.0,0.0,0.0,0.0,0.0,0.0,0.0,1.0,0.0,1,1,0.0,0.0,0.0,0.0,0.0,0.0,0.0
227,Almond-Feta_-Mushroom_-greens_-olives_-golden-cherry-tomatoes_-Vegan-Mediterranean-Pizza-with-Thin-Herbed-Spelt-Crust_-vegan-1503394,0.0,1.0,0.0,0.0,0.0,0.0,0.0,0.0,0.0,1,1,0.0,0.0,0.0,0.0,0.0,0.0,0.0
228,Mediterranean-Couscous-Cabbage-Rolls-1452778,0.0,0.0,0.0,0.0,0.0,0.0,0.0,0.0,0.0,1,1,0.0,0.0,0.0,0.0,0.0,0.0,0.0
229,Greek-Lamb-Burgers-with-Spinach-and-Red-Onion-Salad-1570264,0.0,0.0,0.0,0.0,0.0,0.0,0.0,1.0,0.0,1,1,0.0,0.0,0.0,0.0,0.0,0.0,0.0
230,Greek-Shrimp-with-White-Beans_-Tomato-Sauce_-and-Feta-1356493,0.0,0.0,0.0,0.0,0.0,0.0,0.0,1.0,0.0,1,1,0.0,0.0,0.0,0.0,0.0,0.0,0.0
231,Mediterranean-Baked-Sole-Fillet-1366715,0.0,0.0,0.0,0.0,0.0,0.0,0.0,0.0,0.0,1,1,0.0,0.0,0.0,0.0,0.0,0.0,0.0
232,Mediterranean-Vegetable-Polenta-1145400,0.0,0.0,0.0,0.0,0.0,0.0,0.0,0.0,0.0,1,1,0.0,0.0,0.0,0.0,0.0,0.0,0.0
233,Mediterranean-Fish-Packets-527429,0.0,0.0,0.0,0.0,0.0,0.0,0.0,0.0,0.0,1,1,0.0,0.0,0.0,0.0,0.0,0.0,0.0
234,Greek-Lamb-Burgers-With-Spinach-And-Red-Onion-Salad-Epicurious,0.0,0.0,0.0,0.0,0.0,0.0,0.0,1.0,0.0,1,1,0.0,0.0,0.0,0.0,0.0,0.0,0.0
235,Greek-Style-Ravioli-597123,0.0,0.0,0.0,0.0,0.0,0.0,0.0,1.0,0.0,1,1,0.0,0.0,0.0,0.0,0.0,0.0,0.0
236,Lamb-cutlets-with-Cauliflower-Couscous_-Yoghurt-and-Mediterranean-Vegetables-962394,0.0,0.0,0.0,0.0,0.0,0.0,0.0,0.0,0.0,1,1,0.0,0.0,0.0,0.0,0.0,0.0,0.0
237,Mediterranean-Baked-Cod-with-Chickpea-Salad-637573,0.0,0.0,0.0,0.0,0.0,0.0,0.0,0.0,1.0,1,1,0.0,0.0,0.0,0.0,0.0,0.0,0.0
238,Lawry_s-Grilled-Mediterranean-Chicken-546173,1.0,0.0,0.0,0.0,0.0,0.0,0.0,0.0,0.0,1,1,0.0,0.0,0.0,0.0,0.0,0.0,0.0
239,Mediterranean-Turkey-Cutlets-And-Pasta-My-Recipes,0.0,0.0,0.0,0.0,0.0,0.0,0.0,0.0,0.0,1,1,0.0,0.0,0.0,0.0,0.0,0.0,0.0
240,Mediterranean-Grilled-Pizzas-1184068,1.0,0.0,0.0,0.0,0.0,0.0,0.0,0.0,0.0,1,1,0.0,0.0,0.0,0.0,0.0,0.0,0.0
241,Mediterranean-Lamb-Shanks-with-Israeli-Couscous-Salad-1386106,0.0,0.0,0.0,0.0,0.0,0.0,0.0,0.0,0.0,1,1,0.0,0.0,0.0,0.0,0.0,0.0,0.0
242,Mediterranean-Farfalle-Allrecipes,0.0,0.0,0.0,0.0,0.0,0.0,0.0,0.0,0.0,1,1,0.0,0.0,0.0,0.0,0.0,0.0,0.0
243,Greek-Stuffed-Tomatoes-With-Rice-and-Meat-1211887,0.0,0.0,0.0,0.0,0.0,0.0,0.0,1.0,0.0,1,1,0.0,0.0,0.0,0.0,0.0,0.0,0.0
244,Greek-Moussaka-1397185,0.0,0.0,0.0,0.0,0.0,0.0,0.0,1.0,0.0,1,1,0.0,0.0,0.0,0.0,0.0,0.0,0.0
245,Greek-Cod-Cakes-MyRecipes-211518,0.0,0.0,0.0,0.0,0.0,0.0,0.0,0.0,1.0,1,1,0.0,0.0,0.0,0.0,0.0,0.0,0.0
246,Mediterranean-Roasted-Fish-_-Vegetables-1500429,0.0,0.0,0.0,0.0,0.0,0.0,0.0,0.0,0.0,1,1,0.0,0.0,0.0,1.0,0.0,0.0,0.0
247,Mediterranean-Salmon-With-White-Beans-My-Recipes,0.0,0.0,0.0,0.0,0.0,0.0,0.0,0.0,0.0,1,1,0.0,0.0,0.0,0.0,0.0,0.0,0.0
248,Mediterranean-Cauliflower-Pizza-1501025,0.0,0.0,0.0,0.0,0.0,0.0,0.0,0.0,0.0,1,1,0.0,0.0,0.0,0.0,0.0,0.0,0.0
249,Chicken-Wraps-with-a-Mediterranean-Flair-1170073,0.0,0.0,0.0,0.0,0.0,0.0,0.0,0.0,0.0,1,1,0.0,0.0,0.0,0.0,0.0,0.0,0.0
250,Slow-Roasted-Chicken-Tacos-with-Mediterranean-Salsa-1030494,0.0,0.0,0.0,0.0,0.0,0.0,0.0,0.0,0.0,1,1,0.0,0.0,0.0,0.0,0.0,0.0,0.0
251,Greek-Lamb-Kabobs-With-Yogurt_mint-Salsa-Verde-Allrecipes,1.0,0.0,0.0,0.0,0.0,0.0,0.0,1.0,0.0,1,1,0.0,0.0,0.0,0.0,0.0,0.0,0.0
252,Mediterranean-Grilled-Chicken-and-Vegetables-1494563,1.0,0.0,0.0,0.0,0.0,0.0,0.0,0.0,0.0,1,1,0.0,0.0,0.0,0.0,0.0,0.0,0.0
253,Greek-Inspired-Crockpot-Stuffed-Chicken-Breasts-1340700,0.0,0.0,0.0,0.0,0.0,0.0,0.0,1.0,0.0,1,1,0.0,0.0,0.0,0.0,0.0,0.0,0.0
254,Mediterranean-Grilled-Pork-Chops-AllRecipes-37070,1.0,0.0,0.0,0.0,0.0,0.0,0.0,0.0,0.0,1,1,0.0,0.0,0.0,0.0,0.0,0.0,0.0
255,Mediterranean-Roasted-Chicken-Breasts-w_-Tomatoes-_-Cannelini-Beans-1382467,0.0,0.0,0.0,0.0,0.0,0.0,0.0,0.0,0.0,1,1,0.0,0.0,0.0,0.0,0.0,0.0,0.0
256,Greek-Pizza-With-Chicken-And-Artichokes-My-Recipes,0.0,0.0,0.0,0.0,0.0,0.0,0.0,1.0,0.0,1,1,0.0,0.0,0.0,0.0,0.0,0.0,0.0
257,Mediterranean-Chicken-Alfredo-1474022,0.0,0.0,0.0,0.0,0.0,0.0,0.0,0.0,0.0,1,1,0.0,0.0,0.0,0.0,0.0,0.0,0.0
258,Mediterranean-Spaghetti-Squash-Boats-Recipe-with-Ground-Turkey_-Tomatoes_-Kale-and-Feta-1502584,0.0,0.0,0.0,0.0,0.0,0.0,0.0,0.0,0.0,1,1,0.0,0.0,0.0,0.0,0.0,0.0,0.0
259,Greek-Greens-And-Sweet-Onion-Pie-My-Recipes,0.0,0.0,0.0,0.0,0.0,0.0,0.0,1.0,0.0,1,1,0.0,0.0,0.0,0.0,0.0,0.0,0.0
260,Mediterranean-Vegetable-Stack-with-Sweet-Potato-Rosti-1406801,0.0,0.0,0.0,0.0,0.0,0.0,0.0,0.0,0.0,1,1,0.0,0.0,0.0,0.0,0.0,0.0,0.0
261,Mediterranean-Chicken-With-Salsa-My-Recipes,0.0,0.0,0.0,0.0,0.0,0.0,0.0,0.0,0.0,1,1,0.0,0.0,0.0,0.0,0.0,0.0,0.0
262,Mediterranean-Vegetable-Tart-Tatin-1249790,0.0,0.0,0.0,0.0,0.0,0.0,0.0,0.0,0.0,1,1,0.0,0.0,0.0,0.0,0.0,0.0,0.0
263,Greek-Shrimp-and-Asparagus-Risotto-MyRecipes-262252,0.0,0.0,0.0,0.0,0.0,0.0,0.0,1.0,0.0,1,1,0.0,1.0,0.0,0.0,0.0,0.0,0.0
264,Lamb-Burgers-with-Tabbouleh-and-Grilled-Peppers-1104450,1.0,0.0,0.0,0.0,0.0,0.0,0.0,0.0,0.0,1,1,0.0,0.0,0.0,0.0,0.0,0.0,0.0
265,Couscous-Stuffed-Chicken-1238493,0.0,0.0,0.0,0.0,0.0,0.0,0.0,0.0,0.0,1,1,0.0,0.0,0.0,0.0,0.0,0.0,0.0
266,Mediterranean-Einkorn-Pasta-981352,0.0,0.0,0.0,0.0,0.0,0.0,0.0,0.0,0.0,1,1,0.0,0.0,0.0,0.0,0.0,0.0,0.0
267,Greek_style-Lamb-My-Recipes,1.0,0.0,0.0,0.0,0.0,0.0,0.0,1.0,0.0,1,1,0.0,0.0,0.0,0.0,1.0,0.0,0.0
268,Mediterranean-Chicken-Pasta-_MeddySteadyCook-Entry-1539849,0.0,0.0,0.0,0.0,0.0,0.0,0.0,0.0,0.0,1,1,0.0,0.0,0.0,0.0,0.0,0.0,0.0
269,Slow-Cooker-Mediterranean-Chicken-1263958,0.0,0.0,0.0,0.0,0.0,0.0,0.0,0.0,0.0,1,1,0.0,0.0,0.0,0.0,0.0,0.0,0.0
270,Lamb-Loin-Chops-With-Mediterranean-Stuffing-1512709,0.0,0.0,0.0,0.0,0.0,0.0,0.0,0.0,0.0,1,1,0.0,0.0,0.0,0.0,0.0,0.0,0.0
271,Mediterranean-Ravioli-1005515,0.0,0.0,0.0,0.0,0.0,0.0,0.0,0.0,0.0,1,1,0.0,0.0,0.0,0.0,0.0,0.0,0.0
272,Mediterranean-Chicken-Stir-Fry-1539160,0.0,0.0,0.0,0.0,0.0,0.0,0.0,0.0,0.0,1,1,0.0,0.0,0.0,0.0,0.0,0.0,0.0
273,Mediterranean_style-Whole-Roasted-Salmon-With-Fennel-My-Recipes,0.0,0.0,0.0,0.0,0.0,0.0,0.0,0.0,0.0,1,1,0.0,0.0,0.0,0.0,0.0,0.0,0.0
274,Mediterranean-Mahimahi-In-Parchment-With-Couscous-My-Recipes,0.0,0.0,0.0,0.0,0.0,0.0,0.0,0.0,0.0,1,1,0.0,0.0,1.0,0.0,0.0,0.0,0.0
275,Mediterranean-Whole-Roasted-Snapper-1118812,0.0,0.0,0.0,0.0,0.0,0.0,0.0,0.0,0.0,1,1,0.0,0.0,0.0,1.0,0.0,0.0,0.0
276,Mediterranean-Orange-Fennel-Chicken-1382800,0.0,0.0,0.0,0.0,0.0,0.0,0.0,0.0,0.0,1,1,0.0,0.0,0.0,0.0,0.0,0.0,0.0
277,Greek-Chicken-with-Arugula-and-Kalamata-Olives-1296431,0.0,0.0,0.0,0.0,0.0,0.0,0.0,0.0,0.0,1,1,0.0,0.0,0.0,0.0,0.0,0.0,0.0
278,Mediterranean-Skillet-1536766,0.0,0.0,0.0,0.0,0.0,0.0,0.0,0.0,0.0,1,1,0.0,0.0,0.0,0.0,0.0,0.0,0.0
279,Mediterranean-Chicken-and-Vegetables-1154737,0.0,0.0,0.0,0.0,0.0,0.0,0.0,0.0,0.0,1,1,0.0,0.0,0.0,0.0,0.0,0.0,0.0
280,Mediterranean-Style-Trout-Allrecipes,0.0,0.0,0.0,0.0,0.0,0.0,0.0,0.0,0.0,1,1,0.0,0.0,0.0,0.0,0.0,0.0,0.0
281,Mediterranean-Baked-Penne-1500480,0.0,0.0,0.0,0.0,0.0,0.0,0.0,0.0,0.0,1,1,0.0,0.0,0.0,0.0,0.0,0.0,0.0
282,Mini-Mediterranean-Turkey-Meatloaves-475036,0.0,0.0,0.0,0.0,0.0,0.0,0.0,0.0,0.0,1,1,0.0,0.0,0.0,0.0,0.0,0.0,0.0
283,Mediterranean-Seafood-Grill-with-Skordalia-MyRecipes-244702,1.0,0.0,0.0,0.0,0.0,0.0,0.0,0.0,0.0,1,1,0.0,0.0,0.0,0.0,0.0,0.0,0.0
284,Greek-Lamb-with-Watermelon-Salad-1399235,0.0,0.0,0.0,0.0,0.0,0.0,0.0,1.0,0.0,1,1,0.0,0.0,0.0,0.0,0.0,0.0,0.0
285,Mediterranean-Fried-Mackerel-1316931,0.0,0.0,0.0,0.0,0.0,0.0,0.0,0.0,0.0,1,1,0.0,0.0,0.0,0.0,0.0,0.0,0.0
286,Greek-Chicken-and-Cucumber-Noodle-Bowls-1209832,0.0,0.0,0.0,0.0,0.0,0.0,0.0,1.0,0.0,1,1,0.0,0.0,0.0,0.0,0.0,0.0,0.0
287,Greek-Meatballs-and-Orzo-Pilaf-1270764,0.0,0.0,0.0,0.0,0.0,0.0,0.0,1.0,0.0,1,1,0.0,0.0,0.0,0.0,0.0,0.0,0.0
288,Mediterranean-vegetable-stew-with-olives-315865,0.0,0.0,0.0,0.0,0.0,0.0,0.0,0.0,0.0,1,1,0.0,0.0,0.0,0.0,0.0,0.0,0.0
289,Mediterranean-Chicken-Stew-1461968,0.0,0.0,0.0,0.0,0.0,0.0,0.0,0.0,0.0,1,1,0.0,0.0,0.0,0.0,0.0,0.0,0.0
290,Oregano-Chicken-Mediterranean-Zucchini-Noodle-Bowl-1556628,1.0,0.0,0.0,0.0,0.0,0.0,0.0,0.0,0.0,1,1,0.0,0.0,0.0,0.0,0.0,0.0,0.0
291,Mediterranean-Rice_stuffed-Escarole-Epicurious,0.0,0.0,0.0,0.0,0.0,0.0,0.0,0.0,0.0,1,1,0.0,0.0,0.0,0.0,0.0,0.0,0.0
292,Homemade-Mellow-Mushroom-Inspired-Mediterranean-Pizza-1028652,0.0,0.0,0.0,0.0,0.0,0.0,0.0,0.0,0.0,1,1,0.0,0.0,0.0,0.0,0.0,0.0,0.0
293,Quinoa-Bowl-with-Brussels-Sprouts_-Chickpeas_-Fennel_-Spinach_-Feta-and-Olive-Anchovy-Tapenade-1000495,0.0,0.0,0.0,0.0,0.0,0.0,0.0,0.0,0.0,1,1,0.0,0.0,0.0,0.0,0.0,0.0,0.0
294,Greek-Beet-and-Beet-Greens-Pie-1214672,0.0,0.0,0.0,0.0,0.0,0.0,0.0,1.0,0.0,1,1,0.0,0.0,0.0,0.0,0.0,0.0,0.0
295,Mediterranean-Chicken-Pasta-Bake-1084045,0.0,0.0,0.0,0.0,0.0,0.0,0.0,0.0,0.0,1,1,0.0,0.0,0.0,0.0,0.0,0.0,0.0
296,Greek-Potato-Casserole-995377,0.0,0.0,0.0,0.0,0.0,0.0,0.0,1.0,0.0,1,1,0.0,0.0,0.0,0.0,0.0,0.0,0.0
297,Braised-Lamb-With-Egg-and-Lemon-1549040,0.0,0.0,0.0,1.0,0.0,0.0,0.0,0.0,0.0,1,1,0.0,0.0,0.0,0.0,0.0,0.0,0.0
298,Mediterranean-Chicken-Packets-Martha-Stewart,0.0,0.0,0.0,0.0,0.0,0.0,0.0,0.0,0.0,1,1,0.0,0.0,0.0,0.0,0.0,0.0,0.0
299,Greek-Rice-Gratin-_vegetarian_-1233230,0.0,0.0,0.0,0.0,0.0,0.0,0.0,1.0,0.0,1,1,0.0,0.0,0.0,0.0,0.0,0.0,0.0
300,Zucchini-Mediterranean-Style-1608380,0.0,0.0,0.0,0.0,0.0,0.0,0.0,0.0,0.0,1,1,0.0,0.0,0.0,0.0,0.0,0.0,0.0
301,Spinach-Feta-Calzone-Casserole-MyRecipes-231921,0.0,0.0,0.0,0.0,1.0,0.0,0.0,0.0,0.0,1,1,0.0,0.0,0.0,0.0,0.0,0.0,0.0
302,Pork-Souvlaki-with-Greek-Fries-and-Tzatziki-Sauce-1073743,1.0,0.0,0.0,0.0,0.0,0.0,0.0,1.0,0.0,1,1,0.0,0.0,0.0,0.0,0.0,0.0,0.0
303,Mediterranean-Recipe-for-Dejage-1269601,0.0,0.0,0.0,0.0,0.0,0.0,0.0,0.0,0.0,1,1,0.0,0.0,0.0,0.0,0.0,0.0,0.0
304,Avocado-Tapenade-with-Mediterranean-Chicken-Breast-AllRecipes,1.0,0.0,0.0,0.0,0.0,0.0,0.0,0.0,0.0,1,1,0.0,0.0,0.0,0.0,0.0,0.0,0.0
305,Braised-Lamb-With-Egg-and-Lemon-1548664,0.0,0.0,0.0,1.0,0.0,0.0,0.0,0.0,0.0,1,1,0.0,0.0,0.0,0.0,0.0,0.0,0.0
306,Herbed-Lamb-Chops-with-Greek-Couscous-Salad-1500367,0.0,0.0,0.0,0.0,0.0,0.0,0.0,1.0,0.0,1,1,0.0,0.0,0.0,0.0,0.0,0.0,0.0
307,Mediterranean-Skillet-1536747,0.0,0.0,0.0,0.0,0.0,0.0,0.0,0.0,0.0,1,1,0.0,0.0,0.0,0.0,0.0,0.0,0.0
308,Greek-Inspired-Spaghetti-Squash-with-Feta-and-Shrimp-1329147,0.0,0.0,0.0,0.0,0.0,0.0,0.0,1.0,0.0,1,1,0.0,0.0,0.0,0.0,0.0,0.0,0.0
309,Greek-Salmon-Souvlaki-Gyros-with-Tzatziki-1481850,1.0,0.0,0.0,0.0,0.0,0.0,0.0,1.0,0.0,1,1,0.0,0.0,0.0,0.0,0.0,0.0,0.0
310,Greek-Inspired-Zucchini-Pasta-Feta-Turkey-Meatballs_-1462116,0.0,0.0,0.0,0.0,0.0,0.0,0.0,1.0,0.0,1,1,0.0,0.0,0.0,0.0,0.0,0.0,0.0
311,Shrimp-With-Feta-My-Recipes_1,0.0,0.0,0.0,0.0,0.0,0.0,0.0,0.0,0.0,1,1,0.0,0.0,0.0,0.0,0.0,0.0,0.0
312,Mediterranean-Stuffed-Peppers-MyRecipes-265398,0.0,0.0,0.0,0.0,0.0,0.0,0.0,0.0,0.0,1,1,0.0,0.0,0.0,0.0,0.0,0.0,0.0
313,Shrimp-and-Feta-Stuffed-Zucchini-MyRecipes-212906,0.0,0.0,0.0,0.0,0.0,0.0,0.0,0.0,0.0,1,1,0.0,0.0,0.0,0.0,0.0,0.0,0.0
314,Mediterranean-Baked-Dourada-with-Srimps-1491240,0.0,0.0,0.0,0.0,0.0,0.0,0.0,0.0,0.0,1,1,0.0,0.0,0.0,0.0,0.0,0.0,0.0
315,Greek-Lentil-Quinoa-Casserole-1331673,0.0,0.0,0.0,0.0,0.0,0.0,0.0,1.0,0.0,1,1,0.0,0.0,0.0,0.0,0.0,0.0,0.0
316,Mediterranean-Salmon-Cakes-with-Cucumber-Sauce-MyRecipes-217755,0.0,0.0,0.0,0.0,0.0,0.0,0.0,0.0,0.0,1,1,0.0,0.0,0.0,0.0,0.0,0.0,0.0
317,Greek-Style-Chicken-1238494,0.0,0.0,0.0,0.0,0.0,0.0,0.0,1.0,0.0,1,1,0.0,0.0,0.0,0.0,0.0,0.0,0.0
318,Halibut-Steamed-With-Oranges_-Tomatoes_-And-Olives-Epicurious,0.0,0.0,0.0,0.0,0.0,0.0,0.0,0.0,0.0,1,1,0.0,0.0,0.0,0.0,0.0,0.0,0.0
319,Greek-Stuffed-Zucchini-AllRecipes-37699,0.0,0.0,0.0,0.0,0.0,0.0,0.0,1.0,0.0,1,1,0.0,0.0,0.0,0.0,0.0,0.0,0.0
320,Lamb-Chops-with-Mediterranean-Vegetables-1412725,0.0,0.0,0.0,0.0,0.0,0.0,0.0,0.0,0.0,1,1,0.0,0.0,0.0,0.0,0.0,0.0,0.0
321,Greek-Style-Skewers-MyRecipes-244245,1.0,0.0,0.0,0.0,0.0,0.0,0.0,1.0,0.0,1,1,0.0,0.0,0.0,0.0,0.0,0.0,0.0
322,Garden-Pesto-Salmon-with-Mediterranean-Rice-1357108,0.0,0.0,0.0,0.0,0.0,0.0,0.0,0.0,0.0,1,1,0.0,0.0,0.0,0.0,0.0,0.0,0.0
323,Greek-Chicken-and-Rice-in-Fillo-Dough-1018774,0.0,0.0,0.0,0.0,0.0,0.0,0.0,1.0,0.0,1,1,0.0,0.0,0.0,0.0,0.0,0.0,0.0
324,Flounder-Mediterranean-1609719,0.0,0.0,0.0,0.0,0.0,0.0,0.0,0.0,0.0,1,1,0.0,0.0,0.0,0.0,0.0,0.0,0.0
325,Chicken-Souvlaki-Grilled-Veggie-and-Quinoa-Bowls-with-Tzatziki-Feta-Sauce-1466637,1.0,0.0,0.0,0.0,0.0,0.0,0.0,1.0,0.0,1,1,0.0,0.0,0.0,0.0,0.0,0.0,0.0
326,Greek-Paleo-Turkey-Meatballs-and-Tomato-Beet-Spaghetti-970803,0.0,0.0,0.0,0.0,0.0,0.0,0.0,1.0,0.0,1,1,0.0,0.0,0.0,0.0,0.0,0.0,0.0
327,Moroccan-braised-lamb-with-dates_-orange-and-olives-322757,0.0,0.0,0.0,0.0,0.0,0.0,0.0,0.0,0.0,1,1,1.0,0.0,0.0,0.0,0.0,0.0,0.0
328,Mediterranean-Veggie-Marinara-Spaghetti-Squash-897823,0.0,0.0,0.0,0.0,0.0,0.0,0.0,0.0,0.0,1,1,0.0,0.0,0.0,0.0,0.0,0.0,0.0
329,Mediterranean-Quinoa-1283826,0.0,0.0,0.0,0.0,0.0,0.0,0.0,0.0,0.0,1,1,0.0,0.0,0.0,0.0,0.0,0.0,0.0
330,Mediterranean-Roasted-Leg-of-Lamb-with-Red-Wine-Sauce-1085796,0.0,0.0,1.0,1.0,0.0,0.0,0.0,0.0,0.0,1,1,0.0,0.0,0.0,1.0,0.0,0.0,0.0
331,Pasta-And-Greens-With-Olives-And-Feta-My-Recipes,0.0,0.0,0.0,0.0,0.0,0.0,0.0,0.0,0.0,1,1,0.0,0.0,0.0,0.0,0.0,0.0,0.0
332,Mediterranean-Lamb-Stuffed-Peppers-and-Guest-Blogger-Jessics-Hose_-Oh-Cake_-534871,0.0,0.0,0.0,0.0,0.0,0.0,0.0,0.0,0.0,1,1,0.0,0.0,0.0,0.0,0.0,0.0,0.0
333,Mediterranean-Grilled-Lamb-Steaks-Epicurious-53932,1.0,0.0,0.0,0.0,0.0,0.0,0.0,0.0,0.0,1,1,0.0,0.0,0.0,0.0,0.0,0.0,0.0
334,Lemony-Mediterranean-Potato-and-Cannellini-Bean-Stew-1487726,0.0,0.0,0.0,0.0,0.0,0.0,0.0,0.0,0.0,1,1,0.0,0.0,0.0,0.0,0.0,0.0,0.0
335,Lamb-Medallions-and-Beef-Meatballs-with-Greek-Salad-1411628,0.0,0.0,0.0,0.0,0.0,0.0,0.0,1.0,0.0,1,1,0.0,0.0,0.0,0.0,0.0,0.0,0.0
336,One-of-my-Favorite-Mediterranean-Recipes---Yummy-Greek-Chicken-1395036,0.0,0.0,0.0,0.0,0.0,0.0,0.0,1.0,0.0,1,1,0.0,0.0,0.0,0.0,0.0,0.0,0.0
337,Kale_-Feta-_-Olive-Stuffed-Leg-of-Lamb-1500111,0.0,0.0,0.0,0.0,0.0,0.0,0.0,0.0,0.0,1,1,0.0,0.0,0.0,1.0,0.0,0.0,0.0
338,Greek-Pizza-with-Tofu-Feta-1236559,0.0,0.0,0.0,0.0,0.0,0.0,0.0,1.0,0.0,1,1,0.0,0.0,0.0,0.0,0.0,0.0,0.0
339,Mediterranean-Chicken-Roulade-1411261,0.0,0.0,0.0,0.0,0.0,0.0,0.0,0.0,0.0,1,1,0.0,0.0,0.0,0.0,0.0,0.0,0.0
340,Of-Salmon-1461904,0.0,0.0,0.0,0.0,0.0,0.0,0.0,0.0,0.0,1,1,0.0,0.0,0.0,0.0,0.0,0.0,0.0
341,Mediterranean-Pasta-Bake-1471954,0.0,0.0,0.0,0.0,0.0,0.0,0.0,0.0,0.0,1,1,0.0,0.0,0.0,0.0,0.0,0.0,0.0
342,Tina_s-Greek-Stuffed-Peppers-AllRecipes,0.0,0.0,0.0,0.0,0.0,0.0,0.0,1.0,0.0,1,1,0.0,0.0,0.0,0.0,0.0,0.0,0.0
343,Olive-Oil_poached-Mahimahi-With-Mediterranean-Tomato-Sauce-My-Recipes,0.0,0.0,0.0,0.0,0.0,0.0,0.0,0.0,0.0,1,1,0.0,0.0,0.0,0.0,0.0,0.0,0.0
344,Greens_and_cheese-Pie-_hortopita_-My-Recipes,0.0,0.0,0.0,0.0,0.0,0.0,0.0,0.0,0.0,1,1,0.0,1.0,0.0,0.0,0.0,0.0,0.0
345,Greek-Stuffed-Peppers-755768,0.0,0.0,0.0,0.0,0.0,0.0,0.0,1.0,0.0,1,1,0.0,0.0,0.0,0.0,0.0,0.0,0.0
346,Mediterranean-Farfalle-Pasta-_Salad_-1445856,0.0,0.0,0.0,0.0,0.0,0.0,0.0,0.0,0.0,1,1,0.0,0.0,0.0,0.0,0.0,0.0,0.0
347,Mediterranean-Twist-Salmon-970703,0.0,0.0,0.0,0.0,0.0,0.0,0.0,0.0,0.0,1,1,0.0,0.0,0.0,0.0,0.0,0.0,0.0
348,Mediterranean-Chicken-Stew-Martha-Stewart,0.0,0.0,0.0,0.0,0.0,0.0,0.0,0.0,0.0,1,1,0.0,0.0,0.0,0.0,0.0,0.0,0.0
349,Chicken-Souvlaki-Grilled-Veggie-and-Quinoa-Bowls-with-Tzatziki-Feta-Sauce-1466663,1.0,0.0,0.0,0.0,0.0,0.0,0.0,1.0,0.0,1,1,0.0,0.0,0.0,0.0,0.0,0.0,0.0
350,Hunts-Chicken-with-Mediterranean-Vegetables-541882,0.0,0.0,0.0,0.0,0.0,0.0,0.0,0.0,1.0,1,1,0.0,0.0,0.0,0.0,0.0,0.0,0.0
351,Mediterranean-Pita-Panzanella-1177493,0.0,0.0,0.0,0.0,0.0,0.0,0.0,0.0,0.0,1,1,0.0,0.0,0.0,0.0,0.0,0.0,0.0
352,Braised-Mediterranean-Chicken-with-Polenta-Martha-Stewart,0.0,0.0,0.0,0.0,0.0,0.0,0.0,0.0,0.0,1,1,0.0,0.0,0.0,0.0,0.0,0.0,0.0
353,Mediterranean-Shrimp-_-Orzo-Casserole-1439835,0.0,0.0,0.0,0.0,0.0,0.0,0.0,0.0,0.0,1,1,0.0,0.0,0.0,0.0,0.0,0.0,0.0
354,Mediterranean-Ground-Turkey-Stuffed-Bell-Peppers-with-Chunky-Feta-Hummus-Dressing-1479027,0.0,0.0,0.0,0.0,0.0,0.0,0.0,0.0,0.0,1,1,0.0,0.0,0.0,0.0,0.0,0.0,0.0
355,One-Pot-Greek-Creamy-Orzo-with-Chicken-Sausage-1510528,0.0,0.0,0.0,0.0,0.0,0.0,0.0,1.0,0.0,1,1,0.0,0.0,0.0,0.0,0.0,0.0,0.0
356,Mediterranean-Baked-Stuffed-Zucchini-Squash-1206861,0.0,0.0,0.0,0.0,0.0,0.0,0.0,0.0,0.0,1,1,0.0,0.0,0.0,0.0,0.0,0.0,0.0
357,Turkish-Lamb-Pita-Burgers-1501267,1.0,0.0,0.0,0.0,0.0,0.0,0.0,0.0,0.0,1,1,0.0,0.0,0.0,0.0,0.0,0.0,0.0
358,Mediterranean-Fish-Skillet-573050,0.0,0.0,0.0,0.0,0.0,0.0,0.0,0.0,0.0,1,1,0.0,0.0,0.0,0.0,0.0,0.0,0.0
359,Greek-Pizza-with-Caramelized-Onions_-Kalamata-Olives-and-Feta-765205,0.0,0.0,0.0,0.0,0.0,0.0,0.0,1.0,0.0,1,1,0.0,0.0,0.0,0.0,0.0,0.0,0.0
360,Lamb-and-Cucumber-Kebabs-with-Feta-Sauce-Martha-Stewart-195623,1.0,0.0,0.0,0.0,0.0,0.0,0.0,1.0,0.0,1,1,0.0,0.0,0.0,0.0,0.0,0.0,0.0
361,Thomas-Keller_s-Mediterranean-Bass-with-Squid_-Fennel_-and-Tomatoes-Martha-Stewart-193269,0.0,0.0,0.0,0.0,0.0,0.0,0.0,0.0,0.0,1,1,0.0,0.0,0.0,0.0,0.0,0.0,0.0
362,Mediterranean-Mock-Orzo-Casserole-628748,0.0,0.0,0.0,0.0,0.0,0.0,0.0,0.0,0.0,1,1,0.0,0.0,0.0,0.0,0.0,0.0,0.0
363,Greek-Chicken-Pasta-1609076,0.0,0.0,0.0,0.0,0.0,0.0,0.0,1.0,0.0,1,1,0.0,0.0,0.0,0.0,0.0,0.0,0.0
364,Mediterranean-Lamb-Chops-MyRecipes-231982,0.0,0.0,0.0,0.0,0.0,0.0,0.0,0.0,0.0,1,1,0.0,0.0,0.0,1.0,0.0,0.0,0.0
365,Greek-Night_-1364391,0.0,0.0,0.0,0.0,0.0,0.0,0.0,1.0,0.0,1,1,0.0,0.0,0.0,0.0,0.0,0.0,0.0
366,Orzo-with-Lamb_-Olives-_-Feta-932816,0.0,0.0,0.0,0.0,0.0,0.0,0.0,0.0,0.0,1,1,0.0,0.0,0.0,0.0,0.0,0.0,0.0
367,Mediterranean-Pizza-My-Recipes,0.0,0.0,0.0,0.0,0.0,0.0,0.0,0.0,0.0,1,1,0.0,0.0,0.0,0.0,0.0,0.0,0.0
368,Greek-Chicken-Fried-Rice-1478830,0.0,0.0,0.0,0.0,0.0,0.0,0.0,1.0,0.0,1,1,0.0,0.0,0.0,0.0,0.0,0.0,0.0
369,Mediterranean-Fish-_-Lemony-Orzo-1349685,0.0,0.0,0.0,0.0,0.0,0.0,0.0,0.0,0.0,1,1,0.0,0.0,0.0,0.0,0.0,0.0,0.0
370,Grilled-Shrimp-_Souvlaki_-1194158,1.0,0.0,0.0,0.0,0.0,0.0,0.0,0.0,0.0,1,1,0.0,0.0,0.0,0.0,0.0,0.0,0.0
371,Mediterranean-Fish-Cakes-Allrecipes,0.0,0.0,0.0,0.0,0.0,0.0,0.0,0.0,0.0,1,1,0.0,0.0,0.0,0.0,0.0,0.0,0.0
372,Chicken-Souvlaki-with-Tzatziki-Sauce-and-Greek-Salad-778064,1.0,0.0,0.0,0.0,0.0,0.0,0.0,1.0,0.0,1,1,0.0,0.0,0.0,0.0,0.0,0.0,0.0
373,Mediterranean-Chicken-With-Pepperoncini-And-Kalamatas-Allrecipes,0.0,0.0,0.0,0.0,0.0,0.0,0.0,0.0,0.0,1,1,0.0,0.0,0.0,0.0,0.0,0.0,0.0
374,Greek-pasta-and-meatballs-317508,0.0,0.0,0.0,0.0,0.0,0.0,0.0,1.0,0.0,1,1,0.0,0.0,0.0,0.0,0.0,0.0,0.0
375,GREEK-TURKEY-BURGERS-WITH-WHIPPED-FETA-970784,0.0,0.0,0.0,0.0,0.0,0.0,0.0,1.0,1.0,1,1,0.0,0.0,0.0,0.0,0.0,0.0,0.0
376,Valley-Fig-Growers-Mediterranean-Fig-_-Feta-Pizza-1485084,0.0,0.0,0.0,0.0,0.0,0.0,0.0,0.0,0.0,1,1,0.0,0.0,0.0,0.0,0.0,0.0,0.0
377,Mediterranean-Bison-Sliders-519854,0.0,0.0,0.0,0.0,0.0,0.0,0.0,0.0,0.0,1,1,0.0,0.0,0.0,0.0,0.0,0.0,0.0
378,Greek-Chicken-with-Angel-Hair-Pasta-1202365,0.0,0.0,0.0,0.0,0.0,0.0,0.0,1.0,0.0,1,1,0.0,0.0,0.0,0.0,0.0,0.0,0.0
379,Mediterranean_style-Chicken-TasteOfHome,0.0,0.0,0.0,0.0,0.0,0.0,0.0,0.0,0.0,1,1,0.0,0.0,0.0,0.0,0.0,0.0,0.0
380,Mediterranean-Haddock-1172350,0.0,0.0,0.0,0.0,0.0,0.0,0.0,0.0,0.0,1,1,0.0,0.0,0.0,0.0,0.0,0.0,0.0
381,Mediterranean-Style-Stuffed-Chicken-Breasts-514434,0.0,0.0,0.0,0.0,0.0,0.0,0.0,0.0,0.0,1,1,0.0,0.0,0.0,0.0,0.0,0.0,0.0
382,Mediterranean-Skillet-1269273,0.0,0.0,0.0,0.0,0.0,0.0,0.0,0.0,0.0,1,1,0.0,0.0,0.0,0.0,0.0,0.0,0.0
383,Mediterranean-Lamb-Burgers-with-Spiced-Tomato-Jam-1471239,1.0,0.0,0.0,0.0,0.0,0.0,0.0,0.0,0.0,1,1,0.0,0.0,0.0,0.0,0.0,0.0,0.0
384,Greek-Lamb_feta-Burgers-With-Cucumber-Sauce-Allrecipes,1.0,0.0,0.0,0.0,0.0,0.0,0.0,1.0,0.0,1,1,0.0,0.0,0.0,0.0,0.0,0.0,0.0
385,Mediterranean-inspired-fish-tacos-322954,0.0,0.0,0.0,0.0,0.0,0.0,0.0,0.0,0.0,1,1,0.0,0.0,0.0,0.0,0.0,0.0,0.0
386,Mediterranean-Chicken-596443,0.0,0.0,0.0,0.0,0.0,0.0,0.0,0.0,0.0,1,1,0.0,0.0,0.0,0.0,0.0,0.0,0.0
387,Lamb-and-Feta-Cabbage-Rolls-772528,0.0,0.0,0.0,0.0,0.0,0.0,0.0,1.0,0.0,1,1,0.0,0.0,0.0,0.0,0.0,0.0,0.0
388,Greek-Lamb-Chops-and-Mint-Yogurt-Sauce-1085848,0.0,0.0,0.0,0.0,0.0,0.0,0.0,1.0,0.0,1,1,0.0,0.0,0.0,0.0,0.0,0.0,0.0
389,Greek-Chicken-Pasta-1604885,0.0,0.0,0.0,0.0,0.0,0.0,0.0,1.0,0.0,1,1,0.0,0.0,0.0,0.0,0.0,0.0,0.0
390,Greek-Pasta-with-Meatballs-MyRecipes-211879,0.0,0.0,0.0,0.0,0.0,0.0,0.0,1.0,0.0,1,1,0.0,0.0,0.0,0.0,0.0,0.0,0.0
391,Mediterranean-Slow-Roast-Duck-with-Olive-Sauce-1388251,0.0,0.0,0.0,0.0,0.0,1.0,0.0,0.0,0.0,1,1,0.0,0.0,0.0,0.0,0.0,1.0,0.0
392,Greek-Stuffed-Chicken-Breasts-with-Sour-Cream-Tzatziki-Sauce-792104,0.0,0.0,0.0,0.0,0.0,0.0,0.0,1.0,0.0,1,1,0.0,0.0,0.0,0.0,0.0,0.0,0.0
393,Spiced-Minced-Lamb-With-Spaghetti-Squash-1358037,0.0,0.0,0.0,0.0,0.0,0.0,0.0,0.0,0.0,1,1,0.0,0.0,0.0,0.0,0.0,0.0,0.0
394,Mediterranean-Grilled-Vegetable-Tagine-My-Recipes,1.0,0.0,0.0,0.0,0.0,0.0,0.0,0.0,0.0,1,1,1.0,0.0,0.0,0.0,0.0,0.0,0.0
395,Mediterranean-Succotash-1380373,0.0,0.0,0.0,0.0,0.0,0.0,0.0,0.0,0.0,1,1,0.0,0.0,0.0,0.0,0.0,0.0,0.0
396,Mama-Voula_s-Spanakopita-Epicurious-54598,0.0,0.0,0.0,0.0,0.0,0.0,0.0,1.0,0.0,1,1,0.0,0.0,0.0,0.0,0.0,0.0,0.0
397,Chicken-Breasts-with-Artichoke-Olive-Sauce-1274647,0.0,0.0,0.0,0.0,0.0,0.0,0.0,0.0,0.0,1,1,0.0,0.0,0.0,0.0,0.0,0.0,0.0
398,Mediterranean-striped-bass-354927,0.0,0.0,0.0,0.0,0.0,0.0,0.0,0.0,0.0,1,1,0.0,0.0,0.0,0.0,0.0,0.0,0.0
399,Spiced-Tuna-With-Mediterranean-Wine-Sauce-My-Recipes,0.0,0.0,0.0,0.0,0.0,0.0,0.0,0.0,0.0,1,1,0.0,0.0,0.0,0.0,0.0,0.0,0.0
400,California-Mediterranean-Fish-Tacos-1295961,1.0,0.0,0.0,0.0,0.0,0.0,0.0,0.0,0.0,1,1,0.0,0.0,0.0,0.0,0.0,0.0,0.0
401,Greek-Shrimp-And-Asparagus-Risotto-My-Recipes,0.0,0.0,0.0,0.0,0.0,0.0,0.0,1.0,0.0,1,1,0.0,1.0,0.0,0.0,0.0,0.0,0.0
402,Mediterranean-Style-Red-Snapper-573303,0.0,0.0,0.0,0.0,0.0,0.0,0.0,0.0,0.0,1,1,0.0,0.0,0.0,0.0,0.0,0.0,0.0
403,Kreatopita-_-Greek-Phyllo-Meat-Pie-1198920,0.0,0.0,0.0,0.0,0.0,0.0,0.0,1.0,0.0,1,1,0.0,0.0,0.0,0.0,0.0,0.0,0.0
404,Mediterranean-Pizza-with-Whole-Wheat-Crust-MyRecipes-229078,0.0,0.0,0.0,0.0,0.0,0.0,0.0,0.0,0.0,1,1,0.0,0.0,0.0,0.0,0.0,0.0,0.0
405,Mediterranean-Turkey-With-Swiss-Chard-Over-Polenta-MyRecipes-212559,0.0,0.0,0.0,0.0,0.0,0.0,0.0,0.0,0.0,1,1,0.0,0.0,0.0,0.0,0.0,0.0,0.0
406,Striped-Bass-Plaki-Martha-Stewart-192764,0.0,0.0,0.0,0.0,0.0,0.0,0.0,0.0,0.0,1,1,0.0,0.0,0.0,0.0,0.0,0.0,0.0
407,Mediterranean-Pork-and-Orzo-1134817,0.0,0.0,0.0,0.0,0.0,0.0,0.0,0.0,0.0,1,1,0.0,0.0,0.0,0.0,0.0,0.0,0.0
408,Greek-Avocado-Relish-with-Grilled-Lamb-Kebabs-AllRecipes,1.0,0.0,0.0,0.0,0.0,0.0,0.0,1.0,0.0,1,1,0.0,0.0,0.0,0.0,0.0,0.0,0.0
409,Cavatappi-with-Spinach_-Garbanzo-Beans_-and-Feta-1194194,0.0,0.0,0.0,0.0,0.0,0.0,0.0,0.0,0.0,1,1,0.0,0.0,0.0,0.0,0.0,0.0,0.0
410,Mediterranean-Chicken-Spaghetti-Squash-Bake-1472857,0.0,0.0,0.0,0.0,0.0,0.0,0.0,0.0,0.0,1,1,0.0,0.0,0.0,0.0,0.0,0.0,0.0
411,Mediterranean-chicken-318065,0.0,0.0,0.0,0.0,0.0,0.0,0.0,0.0,0.0,1,1,0.0,0.0,0.0,0.0,0.0,0.0,0.0
412,Greek-Chicken-Kabobs-with-Homemade-Tzatziki-Sauce-1324757,1.0,0.0,0.0,0.0,0.0,0.0,0.0,1.0,0.0,1,1,0.0,0.0,0.0,0.0,0.0,0.0,0.0
413,Braised-Lamb-Shanks-with-Swiss-Chard-Epicurious-203110,0.0,0.0,0.0,0.0,0.0,0.0,0.0,0.0,0.0,1,1,0.0,0.0,0.0,1.0,0.0,0.0,1.0
414,Greek-spiced-baked-shrimp-_-creamy-orzo-320294,0.0,0.0,0.0,0.0,0.0,0.0,0.0,1.0,0.0,1,1,0.0,0.0,0.0,0.0,0.0,0.0,0.0
415,Greek-Lamb-Stew-and-Wine-Pairing-_winePW-980413,0.0,0.0,0.0,0.0,0.0,0.0,0.0,1.0,0.0,1,1,0.0,0.0,0.0,0.0,0.0,0.0,0.0
416,Chicken-Souvlaki-1193801,0.0,0.0,0.0,0.0,0.0,0.0,0.0,1.0,0.0,1,1,0.0,0.0,0.0,0.0,0.0,0.0,0.0
417,Mediterranean-Vegetable-Pasta-572271,0.0,0.0,0.0,0.0,0.0,0.0,0.0,0.0,0.0,1,1,0.0,0.0,0.0,0.0,0.0,0.0,0.0
418,Roasted-Mediterranean-Chicken-AllRecipes-38844,0.0,0.0,0.0,0.0,0.0,0.0,0.0,0.0,0.0,1,1,0.0,0.0,0.0,1.0,0.0,0.0,0.0
419,Grilled-Butterflied-Leg-of-Lamb-and-Vegetables-with-Lemon-Herb-Dressing-Epicurious-51470,1.0,0.0,0.0,0.0,0.0,0.0,0.0,0.0,0.0,1,1,0.0,0.0,1.0,1.0,0.0,0.0,0.0
420,Mediterranean-Chicken-and-Couscous-AllRecipes-202853,0.0,0.0,0.0,0.0,0.0,0.0,0.0,0.0,0.0,1,1,0.0,0.0,0.0,0.0,0.0,0.0,0.0
421,Mediterranean-scampi-372835,0.0,0.0,0.0,0.0,0.0,0.0,0.0,0.0,0.0,1,1,0.0,0.0,0.0,0.0,0.0,0.0,0.0
422,Mediterranean-chicken-with-oranges-and-olives-322568,0.0,0.0,0.0,0.0,0.0,0.0,0.0,0.0,0.0,1,1,0.0,0.0,0.0,0.0,0.0,0.0,0.0
423,Greek-Pasta-with-Meatballs-MyRecipes-243166,0.0,0.0,0.0,0.0,0.0,0.0,0.0,1.0,0.0,1,1,0.0,0.0,0.0,0.0,0.0,0.0,0.0
424,Mediterranean-Spinach-Strata-My-Recipes,0.0,0.0,0.0,0.0,0.0,0.0,0.0,0.0,0.0,1,1,0.0,0.0,0.0,0.0,0.0,0.0,0.0
425,Chicken-Souvlaki-MyRecipes-225874,0.0,0.0,0.0,0.0,0.0,0.0,0.0,1.0,0.0,1,1,0.0,0.0,0.0,0.0,0.0,0.0,0.0
426,Lamb-timpano-318189,0.0,0.0,0.0,0.0,0.0,0.0,1.0,1.0,0.0,1,1,0.0,0.0,0.0,0.0,0.0,0.0,0.0
427,Easy-Greek-Chicken-Casserole-1513974,0.0,0.0,0.0,0.0,0.0,0.0,0.0,1.0,0.0,1,1,0.0,0.0,0.0,0.0,0.0,0.0,0.0
428,Easy-grilled-cornish-hens-and-zucchini-with-greek-marinade_-tzatziki_-and-greek-salad-358237,1.0,0.0,0.0,0.0,0.0,0.0,0.0,1.0,0.0,1,1,0.0,0.0,1.0,0.0,0.0,0.0,0.0
429,Grilled-Swordfish-with-Chopped-Greek-Salad-1211486,1.0,0.0,0.0,0.0,0.0,0.0,0.0,1.0,0.0,1,1,0.0,0.0,0.0,0.0,0.0,0.0,0.0
430,Corsican-Greens-Pie-with-Butternut-Squash-and-Three-Cheeses-1096887,0.0,0.0,0.0,0.0,0.0,0.0,0.0,0.0,0.0,1,1,0.0,0.0,0.0,0.0,0.0,0.0,0.0
431,Mediterranean-chicken-367569,0.0,0.0,0.0,0.0,0.0,0.0,0.0,0.0,0.0,1,1,0.0,0.0,0.0,0.0,0.0,0.0,0.0
432,Lamb-chops-with-red-onion_-grape-tomatoes_-and-feta-360211,0.0,0.0,0.0,0.0,0.0,0.0,0.0,0.0,0.0,1,1,0.0,0.0,0.0,0.0,0.0,0.0,0.0
433,Chicken-Thighs-with-Tomato_-Orzo_-Olives_-and-Feta-1421266,0.0,0.0,0.0,0.0,0.0,0.0,0.0,0.0,0.0,1,1,0.0,0.0,0.0,0.0,0.0,0.0,0.0
434,Greek-Chicken-Pasta-1566349,0.0,0.0,0.0,0.0,0.0,0.0,0.0,1.0,0.0,1,1,0.0,0.0,0.0,0.0,0.0,0.0,0.0
435,Mediterranean-Mahimahi-in-Parchment-with-Couscous-1076232,0.0,0.0,0.0,0.0,0.0,0.0,0.0,0.0,0.0,1,1,0.0,0.0,1.0,0.0,0.0,0.0,0.0
436,Greek-Pasta-with-Meatballs-1159335,0.0,0.0,0.0,0.0,0.0,0.0,0.0,1.0,0.0,1,1,0.0,0.0,0.0,0.0,0.0,0.0,0.0
437,Greek-Chicken-Tacos-523916,0.0,0.0,0.0,0.0,0.0,0.0,0.0,1.0,0.0,1,1,0.0,0.0,0.0,0.0,0.0,0.0,0.0
438,Greek-Chicken-Pasta-786145,0.0,0.0,0.0,0.0,0.0,0.0,0.0,1.0,0.0,1,1,0.0,0.0,0.0,0.0,0.0,0.0,0.0
439,Mediterranean-Meatballs-524065,0.0,0.0,0.0,0.0,0.0,0.0,0.0,0.0,0.0,1,1,0.0,0.0,0.0,0.0,0.0,0.0,0.0
440,Nelly_s-_Greek-Festival_-Spanakopita-1538446,0.0,0.0,0.0,0.0,0.0,0.0,0.0,1.0,0.0,1,1,0.0,0.0,0.0,0.0,0.0,0.0,0.0
441,Mediterranean-Roast-Turkey-1075666,0.0,0.0,0.0,0.0,0.0,0.0,0.0,0.0,0.0,1,1,0.0,0.0,0.0,0.0,0.0,0.0,0.0
442,Mediterranean-Vegetable-Bowls-with-Quinoa_-Toasted-Chickpeas_-and-Harissa-Tahini-1544079,0.0,0.0,0.0,0.0,0.0,0.0,0.0,0.0,0.0,1,1,0.0,0.0,0.0,0.0,0.0,0.0,0.0
443,Greek-Lamb-Stew-572069,0.0,0.0,0.0,0.0,0.0,0.0,0.0,1.0,0.0,1,1,0.0,0.0,0.0,0.0,0.0,0.0,0.0
444,Mediterranean-Chicken-Bake-529766,0.0,0.0,0.0,0.0,0.0,0.0,0.0,0.0,0.0,1,1,0.0,0.0,0.0,0.0,0.0,0.0,0.0
445,Greek-Chicken-Pasta-635576,0.0,0.0,0.0,0.0,0.0,0.0,0.0,1.0,0.0,1,1,0.0,0.0,0.0,0.0,0.0,0.0,0.0
446,Greek-Chicken-Penne-637164,0.0,0.0,0.0,0.0,0.0,0.0,0.0,1.0,0.0,1,1,0.0,0.0,0.0,0.0,0.0,0.0,0.0
447,Greek-Style-Mahi-Mahi-1111551,0.0,0.0,0.0,0.0,0.0,0.0,0.0,1.0,0.0,1,1,0.0,0.0,0.0,0.0,0.0,0.0,0.0
448,Greek-style-veggie-_-bean-stew-367453,0.0,0.0,0.0,0.0,0.0,0.0,0.0,1.0,0.0,1,1,0.0,0.0,0.0,0.0,0.0,0.0,0.0
449,Lamb-Falafel-Burgers-774705,0.0,0.0,0.0,0.0,0.0,0.0,0.0,0.0,0.0,1,1,0.0,0.0,0.0,0.0,0.0,0.0,0.0
450,Spicy-Lamb-with-Charred-Eggplant-Puree-and-Pita-542691,0.0,0.0,0.0,0.0,0.0,0.0,0.0,0.0,0.0,1,1,0.0,0.0,0.0,0.0,0.0,0.0,0.0
451,Mediterranean-Shrimp-Skillet-for-Two-1257912,0.0,0.0,0.0,0.0,0.0,0.0,0.0,0.0,0.0,1,1,0.0,0.0,0.0,0.0,0.0,0.0,0.0
452,Mini-greek-style-meat-loaves-with-arugula-salad-353226,0.0,0.0,0.0,0.0,0.0,0.0,0.0,1.0,0.0,1,1,0.0,0.0,0.0,0.0,0.0,0.0,0.0
453,Lamb-Kofte-with-Yogurt-Sauce-and-Muhammara-477988,0.0,0.0,0.0,0.0,0.0,0.0,0.0,0.0,0.0,1,1,0.0,0.0,0.0,0.0,1.0,0.0,0.0
454,Mediterranean-Rice-Stuffed-Escarole-1508836,0.0,0.0,0.0,0.0,0.0,0.0,0.0,0.0,0.0,1,1,0.0,0.0,0.0,0.0,0.0,0.0,0.0
455,Greek-Baked-Ziti-_Pastitsio_-1084842,0.0,0.0,0.0,0.0,0.0,0.0,0.0,1.0,0.0,1,1,0.0,0.0,0.0,0.0,0.0,0.0,0.0
456,_Greek_-Lamb-with-Orzo-680006,0.0,0.0,0.0,0.0,0.0,0.0,0.0,1.0,0.0,1,1,0.0,0.0,0.0,0.0,0.0,0.0,0.0
457,Mediterranean-Cod-with-roasted-tomato-rice-523944,0.0,0.0,0.0,0.0,0.0,0.0,0.0,0.0,0.0,1,1,0.0,0.0,0.0,0.0,0.0,0.0,0.0
458,Spaghetti-Squash-Mediterranean-Style-1260801,0.0,0.0,0.0,0.0,0.0,0.0,0.0,0.0,0.0,1,1,0.0,0.0,0.0,0.0,0.0,0.0,0.0
459,Mediterranean-Vegetable-Bowls-with-Quinoa_-Toasted-Chickpeas_-and-Harissa-Tahini-1249641,0.0,0.0,0.0,0.0,0.0,0.0,0.0,0.0,0.0,1,1,0.0,0.0,0.0,0.0,0.0,0.0,0.0
460,Lamb-Chops-with-Everything-Bagel-Yogurt-and-Chickpeas-1058387,0.0,0.0,0.0,0.0,0.0,0.0,0.0,0.0,0.0,1,1,0.0,0.0,0.0,0.0,0.0,0.0,0.0
461,Spicy-Mediterranean-Chicken-820710,0.0,0.0,0.0,0.0,0.0,0.0,0.0,0.0,0.0,1,1,0.0,0.0,0.0,0.0,0.0,0.0,0.0
462,Chicken-With-Olives-And-Feta-Cheese-Epicurious,0.0,0.0,0.0,0.0,0.0,0.0,0.0,0.0,0.0,1,1,0.0,0.0,0.0,0.0,0.0,0.0,0.0
463,Spanakorizo-_A-Greek-Spinach-Risotto_-1711669,0.0,0.0,0.0,0.0,0.0,0.0,0.0,1.0,0.0,1,1,0.0,0.0,0.0,0.0,0.0,0.0,0.0
464,Greek-Fish-Recipezaar_1,0.0,0.0,0.0,0.0,0.0,0.0,0.0,1.0,0.0,1,1,0.0,0.0,0.0,0.0,0.0,0.0,0.0
465,Mediterranean-Garlic-Shrimp-_-Olive-Garden-Copycat-Recipezaar,0.0,0.0,0.0,0.0,0.0,0.0,0.0,0.0,0.0,1,1,0.0,0.0,0.0,0.0,0.0,0.0,0.0
466,Greek-Lamb-Brochettes-Recipezaar,1.0,0.0,0.0,0.0,0.0,0.0,0.0,1.0,0.0,1,1,0.0,0.0,0.0,1.0,0.0,0.0,0.0
467,Rigatoni-with-hearty-mediterranean-sauce-299682,0.0,0.0,0.0,0.0,0.0,0.0,0.0,0.0,0.0,1,1,0.0,0.0,0.0,0.0,0.0,0.0,0.0
468,Mediterranean-Pasta-With-Sausage-Recipezaar_1,0.0,0.0,0.0,0.0,0.0,0.0,0.0,0.0,0.0,1,1,0.0,0.0,0.0,0.0,0.0,0.0,0.0
469,Mediterranean-Roast-Lamb-Recipezaar,0.0,0.0,0.0,0.0,0.0,0.0,0.0,0.0,0.0,1,1,0.0,0.0,0.0,1.0,0.0,0.0,0.0
470,Mediterranean-Rub-Recipezaar,0.0,0.0,0.0,0.0,0.0,0.0,0.0,0.0,0.0,1,1,0.0,0.0,0.0,0.0,0.0,0.0,0.0
471,Greek-Penne-And-Chicken-Recipezaar,0.0,0.0,0.0,0.0,0.0,0.0,0.0,1.0,0.0,1,1,0.0,0.0,0.0,0.0,0.0,0.0,0.0
472,Mediterranean-Pork-Chops-Recipezaar_2,0.0,0.0,0.0,0.0,0.0,0.0,0.0,0.0,0.0,1,1,0.0,0.0,0.0,0.0,0.0,0.0,0.0
473,Greek_style-Ravioli-Recipezaar,0.0,0.0,0.0,0.0,0.0,0.0,0.0,1.0,1.0,1,1,0.0,0.0,0.0,0.0,0.0,0.0,0.0
474,Mediterranean-Beef-Stew-_crock-Pot_-Recipezaar_1,0.0,0.0,0.0,0.0,0.0,0.0,0.0,0.0,0.0,1,1,0.0,0.0,0.0,0.0,0.0,0.0,0.0
475,Greek-Easter-Leg-Of-Lamb-With-Garlic-And-Oregano-Recipezaar,0.0,0.0,0.0,1.0,0.0,0.0,0.0,1.0,0.0,1,1,0.0,0.0,0.0,1.0,0.0,0.0,0.0
476,Mediterranean-Pizza-Recipezaar_4,0.0,0.0,0.0,0.0,0.0,0.0,0.0,0.0,0.0,1,1,0.0,0.0,0.0,0.0,0.0,0.0,0.0
477,Mediterranean-Stuffed-Chicken-Food_com-135871,0.0,0.0,0.0,0.0,0.0,0.0,0.0,0.0,0.0,1,1,0.0,0.0,0.0,0.0,0.0,0.0,0.0
478,Tilapia-Mediterranean-Over-Angel-Hair-Pasta-Recipezaar,0.0,0.0,0.0,0.0,0.0,0.0,0.0,0.0,0.0,1,1,0.0,0.0,0.0,0.0,0.0,0.0,0.0
479,Greek-Penne-Pasta-_6-Ww-Points_-Recipezaar,0.0,0.0,0.0,0.0,0.0,0.0,0.0,0.0,0.0,1,1,0.0,0.0,0.0,0.0,0.0,0.0,0.0
480,Spicy-Whitefish-With-Olives-And-Cherry-Tomatoes-Recipezaar,0.0,0.0,0.0,0.0,0.0,0.0,0.0,0.0,0.0,1,1,0.0,0.0,0.0,0.0,0.0,0.0,0.0
481,Skillet-Mediterranean-Chicken-Recipezaar,0.0,0.0,0.0,0.0,0.0,0.0,0.0,0.0,0.0,1,1,0.0,0.0,0.0,0.0,0.0,0.0,0.0
482,Mediterranean-Chicken-Recipezaar_16,0.0,0.0,0.0,0.0,0.0,0.0,0.0,0.0,0.0,1,1,0.0,0.0,0.0,0.0,0.0,0.0,0.0
483,Mediterranean-Stuffed-Bell-Peppers-Recipezaar_1,0.0,0.0,0.0,0.0,0.0,0.0,0.0,0.0,0.0,1,1,0.0,0.0,0.0,0.0,0.0,0.0,0.0
484,Mediterranean-Turkey-Recipezaar,1.0,0.0,0.0,0.0,0.0,0.0,0.0,0.0,0.0,1,1,0.0,0.0,0.0,0.0,0.0,0.0,0.0
485,Cheesy-Mediterranean-Artichoke-Pasta-Recipezaar,0.0,0.0,0.0,0.0,0.0,0.0,0.0,0.0,0.0,1,1,0.0,0.0,0.0,0.0,0.0,0.0,0.0
486,Swordfish-with-Tomatoes_-Feta-Cheese_-and-Olives-1153584,0.0,0.0,0.0,0.0,0.0,0.0,0.0,0.0,0.0,1,1,0.0,0.0,0.0,0.0,0.0,0.0,0.0
487,Mediterranean-chicken-with-dried-fruit-_-olives-298185,0.0,0.0,0.0,0.0,0.0,0.0,0.0,0.0,0.0,1,1,0.0,0.0,0.0,0.0,0.0,0.0,0.0
488,Mediterranean-Mussels-Recipezaar,0.0,0.0,0.0,0.0,0.0,0.0,0.0,0.0,0.0,1,1,0.0,0.0,0.0,0.0,0.0,0.0,0.0
489,Mediterranean-Stuffed-Swordfish-Recipezaar,1.0,0.0,0.0,0.0,0.0,0.0,0.0,0.0,0.0,1,1,0.0,0.0,0.0,0.0,0.0,0.0,0.0
490,Greek_style-Beef-And-Cheese-Ravioli-Recipezaar,0.0,0.0,0.0,0.0,0.0,0.0,0.0,1.0,1.0,1,1,0.0,0.0,0.0,0.0,0.0,0.0,0.0
491,Mediterranean-Cod-Food_com-156303,0.0,0.0,0.0,0.0,0.0,0.0,0.0,0.0,1.0,1,1,0.0,0.0,0.0,0.0,0.0,0.0,0.0
492,Mediterranean_style-Chicken-Recipezaar,0.0,0.0,0.0,0.0,0.0,0.0,0.0,0.0,0.0,1,1,0.0,0.0,0.0,0.0,0.0,0.0,0.0
493,Greek_style-Flounder-Recipezaar,1.0,0.0,0.0,0.0,0.0,0.0,0.0,1.0,0.0,1,1,0.0,0.0,0.0,0.0,0.0,0.0,0.0
494,Crock_pot-Mediterranean-Chicken-Recipezaar,0.0,0.0,0.0,0.0,0.0,0.0,0.0,0.0,0.0,1,1,0.0,0.0,0.0,0.0,0.0,0.0,0.0
495,Mediterranean-Mozza-Chicken-Food_com-93798,0.0,0.0,0.0,0.0,0.0,0.0,0.0,0.0,0.0,1,1,0.0,0.0,0.0,0.0,0.0,0.0,0.0
496,Greek-Style-Shrimp-With-Pasta-Recipezaar,0.0,0.0,0.0,0.0,0.0,0.0,0.0,1.0,0.0,1,1,0.0,0.0,0.0,0.0,0.0,0.0,0.0
497,Mediterranean-Crock-Pot-Recipezaar,0.0,0.0,0.0,0.0,0.0,0.0,0.0,0.0,0.0,1,1,0.0,0.0,0.0,0.0,0.0,0.0,0.0
498,Mediterranean-Pork-Roulade-Recipezaar,0.0,0.0,0.0,0.0,0.0,0.0,0.0,0.0,0.0,1,1,0.0,0.0,0.0,0.0,0.0,0.0,0.0
499,Mediterranean-Pork-Chops-Recipezaar,0.0,0.0,0.0,0.0,0.0,0.0,0.0,0.0,0.0,1,1,0.0,0.0,0.0,0.0,0.0,0.0,0.0
